symbol,trading_date,open,high,low,close,volume
AAPL,2020-02-03,76.075,78.3725,75.555,77.165,173788400
AAPL,2020-02-04,78.8275,79.91,78.4075,79.7125,136616400
AAPL,2020-02-05,80.88,81.19,79.7375,80.3625,118826800
AAPL,2020-02-06,80.6425,81.305,80.065,81.3025,105425600
AAPL,2020-02-07,80.5925,80.85,79.5,80.0075,117684000
AAPL,2020-02-10,78.545,80.3875,78.4625,80.3875,109348800
AAPL,2020-02-11,80.9,80.975,79.6775,79.9025,94323200
AAPL,2020-02-12,80.3675,81.805,80.3675,81.8,113730400
AAPL,2020-02-13,81.0475,81.555,80.8375,81.2175,94747600
AAPL,2020-02-14,81.185,81.495,80.7125,81.2375,80113600
AAPL,2020-02-18,78.84,79.9375,78.6525,79.75,152531200
AAPL,2020-02-19,80.0,81.1425,80.0,80.905,93984000
AAPL,2020-02-20,80.6575,81.1625,79.5525,80.075,100566000
AAPL,2020-02-21,79.655,80.1125,77.625,78.2625,129554000
AAPL,2020-02-24,74.315,76.045,72.3075,74.545,222195200
AAPL,2020-02-25,75.2375,75.6325,71.5325,72.02,230673600
AAPL,2020-02-26,71.6325,74.47,71.625,73.1625,198054800
AAPL,2020-02-27,70.275,71.5,68.24,68.38,320605600
AAPL,2020-02-28,64.315,69.6025,64.0925,68.34,426510000
AAPL,2020-03-02,70.57,75.36,69.43,74.7025,341397200
AAPL,2020-03-03,75.9175,76.0,71.45,72.33,319475600
AAPL,2020-03-04,74.11,75.85,73.2825,75.685,219178400
AAPL,2020-03-05,73.88,74.8875,72.8525,73.23,187572800
AAPL,2020-03-06,70.5,72.705,70.3075,72.2575,226176800
AAPL,2020-03-09,65.9375,69.5225,65.75,66.5425,286744800
AAPL,2020-03-10,69.285,71.61,67.3425,71.335,285290000
AAPL,2020-03-11,69.3475,70.305,67.965,68.8575,255598800
AAPL,2020-03-12,63.985,67.5,62.0,62.0575,418474000
AAPL,2020-03-13,66.2225,69.98,63.2375,69.4925,370732000
AAPL,2020-03-16,60.4875,64.77,60.0,60.5525,322423600
AAPL,2020-03-17,61.8775,64.4025,59.6,63.215,324056000
AAPL,2020-03-18,59.9425,62.5,59.28,61.6675,300233600
AAPL,2020-03-19,61.8475,63.21,60.6525,61.195,271857200
AAPL,2020-03-20,61.795,62.9575,57.0,57.31,401693200
AAPL,2020-03-23,57.02,57.125,53.1525,56.0925,336752800
AAPL,2020-03-24,59.09,61.9225,58.575,61.72,287531200
AAPL,2020-03-25,62.6875,64.5625,61.075,61.38,303602000
AAPL,2020-03-26,61.63,64.67,61.59,64.61,252087200
AAPL,2020-03-27,63.1875,63.9675,61.7625,61.935,204216800
AAPL,2020-03-30,62.685,63.88,62.35,63.7025,167976400
AAPL,2020-03-31,63.9,65.6225,63.0,63.5725,197002000
AAPL,2020-04-01,61.625,62.18,59.7825,60.2275,176218400
AAPL,2020-04-02,60.085,61.2875,59.225,61.2325,165934000
AAPL,2020-04-03,60.7,61.425,59.7425,60.3525,129880000
AAPL,2020-04-06,62.725,65.7775,62.345,65.6175,201820400
AAPL,2020-04-07,67.7,67.925,64.75,64.8575,202887200
AAPL,2020-04-08,65.685,66.8425,65.3075,66.5175,168895200
AAPL,2020-04-09,67.175,67.5175,66.175,66.9975,161834800
AAPL,2020-04-13,67.0775,68.425,66.4575,68.3125,131022800
AAPL,2020-04-14,70.0,72.0625,69.5125,71.7625,194994800
AAPL,2020-04-15,70.6,71.5825,70.1575,71.1075,131154400
AAPL,2020-04-16,71.845,72.05,70.5875,71.6725,157125200
AAPL,2020-04-17,71.1725,71.7375,69.215,70.7,215250000
AAPL,2020-04-20,69.4875,70.42,69.2125,69.2325,130015200
AAPL,2020-04-21,69.07,69.3125,66.3575,67.0925,180991600
AAPL,2020-04-22,68.4025,69.475,68.05,69.025,116862400
AAPL,2020-04-23,68.9675,70.4375,68.7175,68.7575,124814400
AAPL,2020-04-24,69.3,70.7525,69.25,70.7425,126161200
AAPL,2020-04-27,70.45,71.135,69.9875,70.7925,117087600
AAPL,2020-04-28,71.27,71.4575,69.55,69.645,112004800
AAPL,2020-04-29,71.1825,72.4175,70.9725,71.9325,137280800
AAPL,2020-04-30,72.49,73.6325,72.0875,73.45,183064000
AAPL,2020-05-01,71.5625,74.75,71.4625,72.2675,240616800
AAPL,2020-05-04,72.2925,73.4225,71.58,73.29,133568000
AAPL,2020-05-05,73.765,75.25,73.615,74.39,147751200
AAPL,2020-05-06,75.115,75.81,74.7175,75.1575,142333600
AAPL,2020-05-07,75.805,76.2925,75.4925,75.935,115215200
AAPL,2020-05-08,76.41,77.5875,76.0725,77.5325,133838400
AAPL,2020-05-11,77.025,79.2625,76.81,78.7525,145946400
AAPL,2020-05-12,79.4575,79.9225,77.7275,77.8525,162301200
AAPL,2020-05-13,78.0375,78.9875,75.8025,76.9125,200622400
AAPL,2020-05-14,76.1275,77.4475,75.3825,77.385,158929200
AAPL,2020-05-15,75.0875,76.975,75.0525,76.9275,166348400
AAPL,2020-05-18,78.2925,79.125,77.58,78.74,135178400
AAPL,2020-05-19,78.7575,79.63,78.2525,78.285,101729600
AAPL,2020-05-20,79.17,79.88,79.13,79.8075,111504800
AAPL,2020-05-21,79.665,80.2225,78.9675,79.2125,102688800
AAPL,2020-05-22,78.9425,79.8075,78.8375,79.7225,81803200
AAPL,2020-05-26,80.875,81.06,79.125,79.1825,125522000
AAPL,2020-05-27,79.035,79.6775,78.2725,79.5275,112945200
AAPL,2020-05-28,79.1925,80.86,78.9075,79.5625,133560800
AAPL,2020-05-29,79.8125,80.2875,79.1175,79.485,153532400
AMZN,2020-02-03,100.53,102.425,100.0125,100.21,117834000
AMZN,2020-02-04,101.494,102.99,100.7685,102.4835,105786000
AMZN,2020-02-05,103.551,103.551,101.6,101.9935,87524000
AMZN,2020-02-06,102.051,102.815,101.24,102.5115,63660000
AMZN,2020-02-07,102.0995,104.9265,101.905,103.964,101906000
AMZN,2020-02-10,104.2505,106.78,104.248,106.6955,101124000
AMZN,2020-02-11,107.545,109.2975,106.8,107.54,114920000
AMZN,2020-02-12,108.16,109.0125,107.7645,108.0,66686000
AMZN,2020-02-13,107.2495,108.514,107.1,107.4935,60636000
AMZN,2020-02-14,107.784,107.952,106.2945,106.7435,52124000
AMZN,2020-02-18,106.251,108.3035,106.2055,107.7835,58912000
AMZN,2020-02-19,108.39,109.255,108.056,108.511,51224000
AMZN,2020-02-20,108.6535,108.8395,106.3725,107.655,62626000
AMZN,2020-02-21,107.1075,107.2275,104.4,104.7985,92926000
AMZN,2020-02-24,100.159,101.965,99.3985,100.4645,130940000
AMZN,2020-02-25,101.321,101.73,97.921,98.637,124382000
AMZN,2020-02-26,98.514,100.7335,98.0225,98.9795,104492000
AMZN,2020-02-27,96.719,98.75,94.138,94.215,162880000
AMZN,2020-02-28,90.7315,94.488,90.5565,94.1875,189620000
AMZN,2020-03-02,95.3245,97.7255,93.5,97.6975,135234000
AMZN,2020-03-03,98.7685,99.8165,94.4045,95.4495,150690000
AMZN,2020-03-04,97.3285,98.9,96.1,98.7915,95458000
AMZN,2020-03-05,96.65,98.036,95.5,96.2015,94964000
AMZN,2020-03-06,93.75,95.5435,93.475,95.0545,105472000
AMZN,2020-03-09,88.693,93.1385,88.0645,90.0305,156264000
AMZN,2020-03-10,93.544,94.7135,90.9085,94.591,142666000
AMZN,2020-03-11,92.8925,93.566,90.075,91.043,112496000
AMZN,2020-03-12,86.099,88.25,83.75,83.8305,226924000
AMZN,2020-03-13,87.75,89.3155,84.031,89.25,176194000
AMZN,2020-03-16,82.0755,87.9725,81.3015,84.4575,178346000
AMZN,2020-03-17,88.7735,92.889,84.462,90.392,218342000
AMZN,2020-03-18,87.5,92.083,87.25,91.5,192904000
AMZN,2020-03-19,93.0,97.25,91.6325,94.0465,207998000
AMZN,2020-03-20,96.3155,97.85,91.0365,92.3045,196358000
AMZN,2020-03-23,91.3875,95.97,90.6,95.1415,156170000
AMZN,2020-03-24,97.575,97.75,95.017,97.005,142942000
AMZN,2020-03-25,96.0345,97.513,94.289,94.292,129582000
AMZN,2020-03-26,95.1,97.8245,94.4645,97.7745,124426000
AMZN,2020-03-27,96.543,96.9895,94.996,95.005,107758000
AMZN,2020-03-30,96.1415,98.6815,95.617,98.1975,122522000
AMZN,2020-03-31,98.2175,99.651,97.2005,97.486,102472000
AMZN,2020-04-01,96.6485,97.248,94.65,95.385,82438000
AMZN,2020-04-02,95.082,96.3765,94.5,95.9415,86720000
AMZN,2020-04-03,95.5575,96.3165,94.4575,95.3295,72198000
AMZN,2020-04-06,96.8,99.926,96.501,99.8795,115464000
AMZN,2020-04-07,100.8555,101.786,99.881,100.58,102280000
AMZN,2020-04-08,101.05,102.2,100.5575,102.15,79546000
AMZN,2020-04-09,102.215,102.65,100.883,102.138,92930000
AMZN,2020-04-13,102.0,109.0,101.9,108.4435,134334000
AMZN,2020-04-14,110.0235,114.6,109.3105,114.166,161744000
AMZN,2020-04-15,112.884,116.6685,112.25,115.384,137332000
AMZN,2020-04-16,117.3,123.05,116.75,120.4095,240764000
AMZN,2020-04-17,118.6165,120.0,115.801,118.75,158600000
AMZN,2020-04-20,119.4975,122.249,119.3025,119.6805,115414000
AMZN,2020-04-21,120.8305,121.4155,113.983,116.406,149534000
AMZN,2020-04-22,118.45,119.7,117.55,118.1745,84244000
AMZN,2020-04-23,119.999,121.211,119.104,119.9725,101332000
AMZN,2020-04-24,120.85,121.0215,119.1,120.511,76498000
AMZN,2020-04-27,122.16,122.244,118.15,118.8,112912000
AMZN,2020-04-28,118.605,118.675,115.3,115.704,105388000
AMZN,2020-04-29,116.5005,119.5945,115.5,118.6355,91832000
AMZN,2020-04-30,120.992,123.75,119.8005,123.7,190692000
AMZN,2020-05-01,116.84,118.122,112.9095,114.302,195452000
AMZN,2020-05-04,112.819,116.349,112.819,115.7995,97318000
AMZN,2020-05-05,117.0,117.55,115.3565,115.89,64850000
AMZN,2020-05-06,116.472,117.8725,116.0,117.563,62356000
AMZN,2020-05-07,118.739,118.8,117.1555,118.3805,67928000
AMZN,2020-05-08,118.607,119.362,117.85,118.9805,64132000
AMZN,2020-05-11,118.735,120.9835,118.6055,120.45,65184000
AMZN,2020-05-12,120.5925,120.95,117.75,117.8475,61498000
AMZN,2020-05-13,118.34,120.385,116.89,118.396,95658000
AMZN,2020-05-14,118.0505,119.5685,117.6605,119.4425,72962000
AMZN,2020-05-15,118.426,120.55,117.8185,120.489,84700000
AMZN,2020-05-18,120.2175,121.65,119.2005,121.313,87144000
AMZN,2020-05-19,121.4915,124.25,121.4485,122.4665,86410000
AMZN,2020-05-20,123.8935,125.0005,123.3635,124.897,79962000
AMZN,2020-05-21,125.0,126.2725,122.127,122.337,102288000
AMZN,2020-05-22,122.7505,123.4925,121.5065,121.844,57342000
AMZN,2020-05-26,122.9,123.1,120.703,121.093,71364000
AMZN,2020-05-27,120.2495,120.679,116.5,120.5195,101138000
AMZN,2020-05-28,119.2165,121.8485,118.9115,120.055,63804000
AMZN,2020-05-29,120.797,122.1185,119.91,122.1185,70198000
BAJFINANCE,2020-02-03,425.02,437.69,425.02,435.935,10941810
BAJFINANCE,2020-02-04,438.795,455.0,437.715,451.925,19583230
BAJFINANCE,2020-02-05,451.5,453.995,447.765,452.82,12856310
BAJFINANCE,2020-02-06,452.82,467.785,452.5,466.635,18464770
BAJFINANCE,2020-02-07,466.395,468.69,462.61,465.43,9503260
BAJFINANCE,2020-02-10,466.0,473.4,464.0,472.175,11608790
BAJFINANCE,2020-02-11,473.7,478.5,473.6,474.935,11674290
BAJFINANCE,2020-02-12,477.0,478.22,472.2,476.87,8829640
BAJFINANCE,2020-02-13,476.6,480.06,473.5,479.535,6810390
BAJFINANCE,2020-02-14,480.0,481.5,476.8,478.175,7311180
BAJFINANCE,2020-02-17,478.175,479.8,475.005,477.665,7164840
BAJFINANCE,2020-02-18,476.94,477.195,470.16,475.8,7286110
BAJFINANCE,2020-02-19,478.5,488.7,478.01,487.805,11720490
BAJFINANCE,2020-02-20,486.79,492.34,485.375,488.045,16346430
BAJFINANCE,2020-02-24,484.0,487.6,475.12,480.395,12633890
BAJFINANCE,2020-02-25,484.99,484.99,478.4,482.595,9593090
BAJFINANCE,2020-02-26,481.5,483.775,476.725,481.0,8513460
BAJFINANCE,2020-02-27,481.5,481.5,471.21,475.98,11748700
BAJFINANCE,2020-02-28,464.0,464.0,431.175,446.585,49414100
BAJFINANCE,2020-03-02,460.0,461.795,430.565,436.075,22382160
BAJFINANCE,2020-03-03,440.0,447.495,432.005,445.41,20235030
BAJFINANCE,2020-03-04,446.6,449.68,422.5,428.64,24729910
BAJFINANCE,2020-03-05,431.0,436.755,427.315,433.07,18332950
BAJFINANCE,2020-03-06,412.5,423.8,403.65,422.585,33122380
BAJFINANCE,2020-03-09,407.0,412.75,394.515,402.68,35456270
BAJFINANCE,2020-03-11,401.4,411.89,398.5,403.065,27936830
BAJFINANCE,2020-03-12,386.0,386.995,362.81,373.435,52726190
BAJFINANCE,2020-03-13,344.0,404.35,328.105,395.255,48499170
BAJFINANCE,2020-03-16,383.345,383.345,360.0,367.225,31404670
BAJFINANCE,2020-03-17,370.21,373.47,340.2,344.485,25585480
BAJFINANCE,2020-03-18,349.0,353.0,301.89,306.135,54435800
BAJFINANCE,2020-03-19,280.0,305.305,248.47,274.61,83247130
BAJFINANCE,2020-03-20,279.985,304.4,262.165,295.19,61101890
BAJFINANCE,2020-03-23,265.675,270.0,222.5,226.615,48442350
BAJFINANCE,2020-03-24,247.2,256.865,210.465,247.42,62572210
BAJFINANCE,2020-03-25,245.0,270.0,240.0,258.56,62263550
BAJFINANCE,2020-03-26,263.73,293.65,256.505,279.37,50961240
BAJFINANCE,2020-03-27,295.5,304.0,250.0,254.23,71706090
BAJFINANCE,2020-03-30,239.005,241.44,222.6,224.21,76983550
BAJFINANCE,2020-03-31,230.51,234.0,210.0,221.58,110431110
BAJFINANCE,2020-04-01,218.0,228.69,213.265,221.935,64083010
BAJFINANCE,2020-04-03,226.88,234.37,218.305,220.75,61726720
BAJFINANCE,2020-04-07,224.5,228.6,208.15,225.335,111614780
BAJFINANCE,2020-04-08,218.4,237.4,214.415,233.29,91093390
BAJFINANCE,2020-04-09,239.1,256.615,236.71,255.185,71932460
BAJFINANCE,2020-04-13,252.0,252.0,226.595,228.73,81831990
BAJFINANCE,2020-04-15,234.5,236.8,216.84,218.245,93336280
BAJFINANCE,2020-04-16,214.5,225.0,212.2,222.0,72467400
BAJFINANCE,2020-04-17,235.5,237.59,223.52,230.815,101915460
BAJFINANCE,2020-04-20,232.5,234.55,226.5,230.825,54031770
BAJFINANCE,2020-04-21,221.0,221.0,208.5,209.975,73839850
BAJFINANCE,2020-04-22,205.995,217.0,202.235,214.825,90627230
BAJFINANCE,2020-04-23,216.0,221.91,211.2,217.245,71440060
BAJFINANCE,2020-04-24,211.35,211.35,197.005,197.625,104944510
BAJFINANCE,2020-04-27,200.0,208.5,191.565,204.405,144952470
BAJFINANCE,2020-04-28,208.1,224.41,203.5,222.81,147563440
BAJFINANCE,2020-04-29,220.005,237.5,220.005,229.645,150601540
BAJFINANCE,2020-04-30,236.505,241.895,229.115,231.81,88833050
BAJFINANCE,2020-05-04,220.0,220.22,202.855,207.965,73127450
BAJFINANCE,2020-05-05,213.0,213.5,199.7,200.235,115212090
BAJFINANCE,2020-05-06,201.0,213.19,195.235,210.625,131496960
BAJFINANCE,2020-05-07,209.895,216.985,204.835,206.055,77702040
BAJFINANCE,2020-05-08,213.0,213.0,201.5,202.415,69663750
BAJFINANCE,2020-05-11,207.0,209.27,199.53,201.505,76549900
BAJFINANCE,2020-05-12,198.97,208.0,197.71,206.97,103365270
BAJFINANCE,2020-05-13,222.0,223.995,214.5,216.105,94411850
BAJFINANCE,2020-05-14,215.9,225.895,209.68,211.2,143075310
BAJFINANCE,2020-05-15,211.995,213.66,205.6,208.645,80267260
BAJFINANCE,2020-05-18,209.0,209.345,192.6,193.86,108205710
BAJFINANCE,2020-05-19,196.0,200.355,192.22,196.495,94135140
BAJFINANCE,2020-05-20,197.0,206.0,193.5,204.28,163185080
BAJFINANCE,2020-05-21,205.9,207.755,197.45,199.02,98795420
BAJFINANCE,2020-05-22,197.5,200.7,186.525,189.53,161950940
BAJFINANCE,2020-05-26,191.8,193.375,182.155,182.9,98692950
BAJFINANCE,2020-05-27,183.0,194.6,178.3,193.645,173352460
BAJFINANCE,2020-05-28,195.4,198.3,192.7,194.77,90517750
BAJFINANCE,2020-05-29,191.4,198.0,189.1,195.365,103618470
BRK-B,2020-02-03,225.48,226.32,223.0,223.47,3525000
BRK-B,2020-02-04,226.15,226.94,224.79,225.08,3642600
BRK-B,2020-02-05,226.91,228.68,226.75,228.65,3360500
BRK-B,2020-02-06,229.56,230.08,228.53,229.61,2799400
BRK-B,2020-02-07,228.07,228.62,226.67,227.38,2882800
BRK-B,2020-02-10,227.17,227.75,225.13,227.11,2944600
BRK-B,2020-02-11,228.59,228.59,227.02,227.33,2916400
BRK-B,2020-02-12,227.6,228.84,226.91,227.44,3785200
BRK-B,2020-02-13,226.53,227.4,226.1,226.47,2838500
BRK-B,2020-02-14,226.49,227.14,225.52,226.8,2506200
BRK-B,2020-02-18,226.39,227.38,225.27,226.77,3153000
BRK-B,2020-02-19,227.68,229.71,226.93,229.24,3187000
BRK-B,2020-02-20,229.76,229.79,227.15,228.17,3547700
BRK-B,2020-02-21,227.53,230.07,226.98,229.33,4699100
BRK-B,2020-02-24,221.31,223.94,220.27,221.69,7932400
BRK-B,2020-02-25,222.2,223.24,216.76,218.05,8558600
BRK-B,2020-02-26,219.65,220.63,215.94,216.06,6901700
BRK-B,2020-02-27,212.9,214.38,207.28,207.67,10941800
BRK-B,2020-02-28,201.92,206.44,199.68,206.34,15147200
BRK-B,2020-03-02,207.25,218.8,204.43,217.63,10395800
BRK-B,2020-03-03,217.39,218.15,206.2,208.81,10716100
BRK-B,2020-03-04,212.14,218.34,209.26,217.86,7408700
BRK-B,2020-03-05,212.55,212.75,207.01,208.96,8112700
BRK-B,2020-03-06,203.48,207.41,202.35,205.98,9443500
BRK-B,2020-03-09,195.0,198.48,192.26,193.13,13950500
BRK-B,2020-03-10,201.35,202.86,195.05,202.73,10929200
BRK-B,2020-03-11,197.32,198.13,192.87,194.64,9573900
BRK-B,2020-03-12,183.6,187.67,175.0,175.97,22293800
BRK-B,2020-03-13,187.45,196.5,178.41,196.4,14859100
BRK-B,2020-03-16,174.0,188.38,173.62,177.77,14168600
BRK-B,2020-03-17,181.88,187.81,177.0,187.6,15072400
BRK-B,2020-03-18,177.29,181.39,167.0,172.44,16669300
BRK-B,2020-03-19,170.21,176.18,166.0,174.68,12488100
BRK-B,2020-03-20,176.3,177.18,167.29,170.06,15213600
BRK-B,2020-03-23,165.3,166.69,159.5,162.13,16501500
BRK-B,2020-03-24,170.91,179.14,169.53,178.2,14075100
BRK-B,2020-03-25,180.01,189.07,175.17,180.47,13851200
BRK-B,2020-03-26,181.29,184.96,179.59,183.9,14131400
BRK-B,2020-03-27,178.5,184.24,176.72,179.66,10259500
BRK-B,2020-03-30,180.04,184.11,178.0,183.18,7672600
BRK-B,2020-03-31,182.05,186.17,180.57,182.83,8996800
BRK-B,2020-04-01,176.18,178.67,174.19,175.95,8682700
BRK-B,2020-04-02,175.0,180.31,174.23,179.73,7271900
BRK-B,2020-04-03,178.59,180.22,175.44,178.34,6643700
BRK-B,2020-04-06,184.61,186.41,180.49,185.24,9935500
BRK-B,2020-04-07,191.99,192.0,184.9,185.25,8148200
BRK-B,2020-04-08,187.55,191.42,185.14,191.01,6109900
BRK-B,2020-04-09,194.0,197.23,191.45,193.84,10519600
BRK-B,2020-04-13,193.85,193.85,186.08,188.77,7888600
BRK-B,2020-04-14,193.32,194.16,190.82,192.94,7032000
BRK-B,2020-04-15,188.56,189.59,187.47,188.57,6138300
BRK-B,2020-04-16,188.9,188.99,185.8,187.96,6228200
BRK-B,2020-04-17,192.89,192.9,189.02,191.2,8272200
BRK-B,2020-04-20,188.72,189.35,187.3,188.75,6474700
BRK-B,2020-04-21,184.17,185.78,183.28,183.48,5882500
BRK-B,2020-04-22,186.46,187.37,185.34,186.58,5470000
BRK-B,2020-04-23,186.99,187.35,184.5,185.63,6211900
BRK-B,2020-04-24,187.08,187.28,184.42,186.52,5205500
BRK-B,2020-04-27,187.78,189.37,186.35,187.46,6622400
BRK-B,2020-04-28,190.54,191.0,187.0,187.12,6674600
BRK-B,2020-04-29,190.64,192.68,188.93,189.61,7645000
BRK-B,2020-04-30,188.3,189.87,186.71,187.36,8217800
BRK-B,2020-05-01,185.21,185.89,181.64,182.67,7513700
BRK-B,2020-05-04,179.78,180.36,176.34,177.95,9448600
BRK-B,2020-05-05,180.05,180.23,175.93,176.03,9016300
BRK-B,2020-05-06,176.94,177.04,172.34,172.38,9003000
BRK-B,2020-05-07,173.4,175.38,173.05,173.48,6698000
BRK-B,2020-05-08,176.71,177.26,174.28,176.83,5793600
BRK-B,2020-05-11,175.23,175.96,173.61,174.64,9235700
BRK-B,2020-05-12,175.2,175.71,172.73,172.81,6470900
BRK-B,2020-05-13,172.0,172.61,169.44,170.57,10258900
BRK-B,2020-05-14,168.8,171.4,167.04,170.93,7013600
BRK-B,2020-05-15,169.82,170.66,168.52,169.25,5937500
BRK-B,2020-05-18,174.0,176.87,172.31,175.46,7458900
BRK-B,2020-05-19,174.12,174.87,172.34,172.49,5574800
BRK-B,2020-05-20,174.61,176.87,174.29,176.02,5455600
BRK-B,2020-05-21,175.74,176.65,174.47,174.94,4059900
BRK-B,2020-05-22,174.86,175.12,173.21,174.93,3584800
BRK-B,2020-05-26,179.99,181.69,178.68,180.34,7107600
BRK-B,2020-05-27,184.67,185.98,183.8,185.77,7410500
BRK-B,2020-05-28,187.24,187.28,183.92,185.1,6313100
BRK-B,2020-05-29,183.08,185.87,182.53,185.58,10630200
GOOGL,2020-02-03,73.0825,74.315,72.8305,74.13,71636000
GOOGL,2020-02-04,72.7245,73.367,71.1015,72.2705,95880000
GOOGL,2020-02-05,73.1805,73.229,71.484,72.3025,36376000
GOOGL,2020-02-06,72.599,74.078,72.524,73.7985,37822000
GOOGL,2020-02-07,73.3695,74.2625,73.2705,73.9555,28360000
GOOGL,2020-02-10,73.8615,75.444,73.76,75.433,38302000
GOOGL,2020-02-11,75.6635,76.494,75.2725,75.503,34852000
GOOGL,2020-02-12,75.793,76.015,75.4335,75.9315,31042000
GOOGL,2020-02-13,75.5,76.2975,75.2,75.6695,22914000
GOOGL,2020-02-14,75.7265,76.0025,75.2775,75.9365,23198000
GOOGL,2020-02-18,75.717,76.528,75.5505,75.972,25642000
GOOGL,2020-02-19,76.36,76.537,76.049,76.2435,22746000
GOOGL,2020-02-20,75.9505,76.3535,75.213,75.8495,25962000
GOOGL,2020-02-21,75.229,75.5475,73.9245,74.173,42520000
GOOGL,2020-02-24,71.1525,71.819,70.3395,70.993,49560000
GOOGL,2020-02-25,71.55,71.8425,69.021,69.316,51580000
GOOGL,2020-02-26,69.749,70.6835,68.8275,69.5235,49776000
GOOGL,2020-02-27,67.957,68.47,65.712,65.7475,62290000
GOOGL,2020-02-28,63.7155,67.1225,63.4105,66.9625,80198000
GOOGL,2020-03-02,67.5695,69.3735,66.26,69.316,55430000
GOOGL,2020-03-03,69.884,70.4095,66.462,66.886,56602000
GOOGL,2020-03-04,67.948,69.139,66.85,69.08,47598000
GOOGL,2020-03-05,67.2775,67.6815,65.082,65.738,54380000
GOOGL,2020-03-06,63.4975,65.1375,62.8605,64.787,64640000
GOOGL,2020-03-09,60.248,62.6365,59.902,60.7895,69252000
GOOGL,2020-03-10,62.7195,63.7925,60.7255,63.7585,54872000
GOOGL,2020-03-11,62.4135,62.8465,59.557,60.545,54732000
GOOGL,2020-03-12,56.131,59.4375,55.4235,55.5775,94326000
GOOGL,2020-03-13,58.7495,60.72,55.6145,60.7135,79400000
GOOGL,2020-03-16,54.4805,57.2735,53.354,53.65,96520000
GOOGL,2020-03-17,54.532,56.3,52.455,55.903,83194000
GOOGL,2020-03-18,52.997,55.2495,51.85,54.5595,93044000
GOOGL,2020-03-19,54.411,57.6305,52.7775,55.5835,74064000
GOOGL,2020-03-20,56.545,56.924,53.105,53.4105,82878000
GOOGL,2020-03-23,52.8185,53.3455,50.4435,52.7065,83672000
GOOGL,2020-03-24,55.199,56.6665,54.3215,56.5005,72468000
GOOGL,2020-03-25,56.229,57.3085,54.1505,55.081,90324000
GOOGL,2020-03-26,55.736,58.574,54.6015,58.146,76562000
GOOGL,2020-03-27,56.3735,57.5525,55.2,55.513,62794000
GOOGL,2020-03-30,56.632,57.55,54.9245,57.3155,58736000
GOOGL,2020-03-31,57.4365,58.67,56.836,58.0975,65228000
GOOGL,2020-04-01,56.2,56.471,54.6745,55.105,51970000
GOOGL,2020-04-02,55.0,56.1385,54.6565,55.8515,56410000
GOOGL,2020-04-03,55.7355,55.9395,53.754,54.635,51374000
GOOGL,2020-04-06,56.65,59.5375,56.25,59.1595,63320000
GOOGL,2020-04-07,60.8505,61.039,58.8625,59.128,61620000
GOOGL,2020-04-08,60.155,60.745,59.1975,60.35,40334000
GOOGL,2020-04-09,60.909,61.0995,59.621,60.3285,54028000
GOOGL,2020-04-13,60.075,60.726,59.1165,60.5205,38702000
GOOGL,2020-04-14,61.9985,63.7875,61.427,63.2615,63358000
GOOGL,2020-04-15,62.3255,63.7555,61.7,62.865,42236000
GOOGL,2020-04-16,63.357,63.668,61.91,62.8715,57896000
GOOGL,2020-04-17,64.085,64.5,63.3,63.95,51050000
GOOGL,2020-04-20,63.4945,63.841,62.822,63.0575,35292000
GOOGL,2020-04-21,62.1355,62.5,60.25,60.608,49648000
GOOGL,2020-04-22,62.0555,63.994,61.86,62.9205,46296000
GOOGL,2020-04-23,63.287,64.4075,63.0265,63.5585,34202000
GOOGL,2020-04-24,62.75,63.8855,62.2,63.83,37402000
GOOGL,2020-04-27,64.6,64.705,63.253,63.543,44186000
GOOGL,2020-04-28,64.16,64.238,61.519,61.6295,80700000
GOOGL,2020-04-29,67.25,68.0075,66.3365,67.109,108358000
GOOGL,2020-04-30,66.568,67.5,66.075,67.335,55842000
GOOGL,2020-05-01,66.2045,67.5715,65.483,65.866,48872000
GOOGL,2020-05-04,65.4065,66.2235,64.8005,66.145,30806000
GOOGL,2020-05-05,66.875,68.5505,66.7515,67.451,39666000
GOOGL,2020-05-06,67.9,68.4345,67.2565,67.2715,31732000
GOOGL,2020-05-07,68.0655,68.8,67.627,68.464,30652000
GOOGL,2020-05-08,69.091,69.832,68.6005,69.217,33326000
GOOGL,2020-05-11,68.8395,70.7765,68.775,70.1795,32718000
GOOGL,2020-05-12,70.411,70.7165,68.7255,68.759,33918000
GOOGL,2020-05-13,68.808,69.2665,66.4005,67.4165,40368000
GOOGL,2020-05-14,66.676,67.8685,66.165,67.843,36660000
GOOGL,2020-05-15,67.413,68.729,66.95,68.653,41544000
GOOGL,2020-05-18,68.079,69.638,67.71,69.259,47094000
GOOGL,2020-05-19,69.274,69.6245,68.688,68.72,31586000
GOOGL,2020-05-20,69.458,70.6015,69.371,70.458,38262000
GOOGL,2020-05-21,70.5495,70.823,69.7195,70.3375,30894000
GOOGL,2020-05-22,70.195,70.85,69.7975,70.662,28544000
GOOGL,2020-05-26,72.098,72.2555,70.97,71.0685,44590000
GOOGL,2020-05-27,71.0,71.2675,69.73,71.014,31684000
GOOGL,2020-05-28,70.0,72.223,69.954,70.912,35170000
GOOGL,2020-05-29,71.0215,71.8365,70.799,71.676,37044000
HDFCBANK,2020-02-03,598.5,598.975,588.85,596.4,13077010
HDFCBANK,2020-02-04,599.0,617.0,599.0,614.9,20897704
HDFCBANK,2020-02-05,617.45,624.0,613.65,622.325,18020682
HDFCBANK,2020-02-06,622.325,624.35,618.6,619.9,11827550
HDFCBANK,2020-02-07,623.0,623.5,615.8,621.1,6815448
HDFCBANK,2020-02-10,621.475,621.475,613.025,620.15,9219834
HDFCBANK,2020-02-11,621.65,627.5,619.025,620.3,11613520
HDFCBANK,2020-02-12,622.6,626.45,622.025,624.5,6297930
HDFCBANK,2020-02-13,629.95,629.95,616.8,620.7,9112140
HDFCBANK,2020-02-14,621.6,624.2,607.5,609.675,14688858
HDFCBANK,2020-02-17,612.5,616.5,607.225,608.575,10152690
HDFCBANK,2020-02-18,608.45,609.25,601.75,606.625,10529116
HDFCBANK,2020-02-19,611.25,615.0,606.95,613.6,10012268
HDFCBANK,2020-02-20,615.0,615.0,607.05,608.55,11123414
HDFCBANK,2020-02-24,604.475,607.375,600.0,604.975,16568084
HDFCBANK,2020-02-25,602.0,604.5,599.0,600.15,13886680
HDFCBANK,2020-02-26,598.75,602.35,592.825,599.625,13814786
HDFCBANK,2020-02-27,597.5,601.25,590.5,599.725,20655098
HDFCBANK,2020-02-28,587.75,592.5,585.05,588.825,24313056
HDFCBANK,2020-03-02,600.1,600.575,583.075,589.8,14664898
HDFCBANK,2020-03-03,587.5,592.675,584.0,590.9,22369550
HDFCBANK,2020-03-04,589.175,590.0,566.55,574.425,34288870
HDFCBANK,2020-03-05,576.5,582.5,571.375,575.675,19549708
HDFCBANK,2020-03-06,562.5,570.45,550.5,567.45,23053566
HDFCBANK,2020-03-09,555.0,559.2,532.5,553.65,34420590
HDFCBANK,2020-03-11,552.5,560.0,546.0,556.9,35538240
HDFCBANK,2020-03-12,537.5,540.0,501.725,510.65,59000770
HDFCBANK,2020-03-13,490.025,540.725,459.6,534.9,66342364
HDFCBANK,2020-03-16,517.5,518.5,497.5,499.75,31986322
HDFCBANK,2020-03-17,504.0,505.0,477.35,487.55,42676838
HDFCBANK,2020-03-18,492.5,496.5,432.5,438.45,61181406
HDFCBANK,2020-03-19,423.5,459.975,397.5,447.775,67220048
HDFCBANK,2020-03-20,437.5,457.3,412.275,441.425,88637464
HDFCBANK,2020-03-23,397.3,419.375,382.5,385.775,50276954
HDFCBANK,2020-03-24,397.625,405.0,369.375,383.85,61057272
HDFCBANK,2020-03-25,385.225,433.725,377.625,428.375,47228042
HDFCBANK,2020-03-26,435.05,468.85,420.5,450.55,57043156
HDFCBANK,2020-03-27,472.475,494.325,436.05,452.225,55235936
HDFCBANK,2020-03-30,440.0,443.5,414.0,415.825,39268444
HDFCBANK,2020-03-31,426.9,436.8,419.0,430.95,35211092
HDFCBANK,2020-04-01,431.925,431.925,410.0,414.825,29103504
HDFCBANK,2020-04-03,421.5,422.0,405.0,406.925,34996280
HDFCBANK,2020-04-07,437.0,453.65,422.675,448.05,60412638
HDFCBANK,2020-04-08,439.975,472.5,433.05,444.45,56219352
HDFCBANK,2020-04-09,456.5,465.45,445.0,462.525,44457146
HDFCBANK,2020-04-13,467.0,473.35,443.1,447.675,34158056
HDFCBANK,2020-04-15,465.25,465.25,421.5,431.65,57978752
HDFCBANK,2020-04-16,432.5,445.35,428.125,439.875,53854396
HDFCBANK,2020-04-17,457.5,460.0,443.625,455.15,55883462
HDFCBANK,2020-04-20,475.5,480.475,467.5,472.425,66232986
HDFCBANK,2020-04-21,462.5,467.0,454.0,460.825,33178006
HDFCBANK,2020-04-22,459.575,466.5,453.65,464.3,38289354
HDFCBANK,2020-04-23,467.5,479.25,456.275,477.475,40901222
HDFCBANK,2020-04-24,466.5,479.2,463.0,469.025,33284568
HDFCBANK,2020-04-27,472.575,478.7,463.15,464.85,27421072
HDFCBANK,2020-04-28,471.9,471.9,461.0,465.7,29441436
HDFCBANK,2020-04-29,467.5,496.35,467.05,488.55,55877778
HDFCBANK,2020-04-30,500.7,509.5,496.05,500.9,43793134
HDFCBANK,2020-05-04,478.75,480.0,458.75,461.5,26722324
HDFCBANK,2020-05-05,469.0,472.0,454.025,455.725,29672858
HDFCBANK,2020-05-06,459.5,475.0,452.825,473.2,33785846
HDFCBANK,2020-05-07,470.25,471.65,460.675,462.5,21831730
HDFCBANK,2020-05-08,471.0,471.975,462.6,464.525,20807484
HDFCBANK,2020-05-11,468.5,477.0,457.0,457.9,28550784
HDFCBANK,2020-05-12,450.5,454.7,435.55,450.775,49568418
HDFCBANK,2020-05-13,475.5,480.0,461.05,463.825,44346966
HDFCBANK,2020-05-14,449.0,455.5,445.0,446.85,39554890
HDFCBANK,2020-05-15,445.25,446.2,437.5,444.075,24349628
HDFCBANK,2020-05-18,444.0,444.0,415.65,418.325,46649964
HDFCBANK,2020-05-19,430.425,433.65,413.05,415.325,47460692
HDFCBANK,2020-05-20,418.225,432.0,416.1,428.55,40014306
HDFCBANK,2020-05-21,430.725,442.0,426.15,429.775,48478908
HDFCBANK,2020-05-22,425.0,435.15,416.525,419.425,42047432
HDFCBANK,2020-05-26,428.5,435.875,424.375,426.2,38005152
HDFCBANK,2020-05-27,429.95,454.9,428.575,451.825,56025754
HDFCBANK,2020-05-28,460.0,475.0,456.975,472.625,75488806
HDFCBANK,2020-05-29,472.0,477.5,461.725,475.825,53025166
HINDUNILVR,2020-02-03,2074.8999,2195.55,2074.8999,2178.95,4012542
HINDUNILVR,2020-02-04,2177.0,2204.2,2140.0,2155.6001,1932121
HINDUNILVR,2020-02-05,2167.3999,2184.0,2153.8999,2160.3,1514368
HINDUNILVR,2020-02-06,2166.0,2196.25,2134.05,2156.3999,1302116
HINDUNILVR,2020-02-07,2165.0,2172.0,2141.6001,2159.95,908152
HINDUNILVR,2020-02-10,2160.1001,2189.55,2151.7,2159.3,1389847
HINDUNILVR,2020-02-11,2169.0,2179.6499,2147.7,2152.6499,777506
HINDUNILVR,2020-02-12,2157.1001,2272.0,2155.0,2260.3501,4753325
HINDUNILVR,2020-02-13,2256.0,2288.95,2233.05,2283.3999,2950407
HINDUNILVR,2020-02-14,2273.0,2297.6001,2246.25,2255.05,1728651
HINDUNILVR,2020-02-17,2248.0,2289.0,2243.2,2252.6001,1420851
HINDUNILVR,2020-02-18,2252.6001,2262.95,2222.1001,2234.3999,1194605
HINDUNILVR,2020-02-19,2250.2,2308.2,2241.25,2292.1499,1299800
HINDUNILVR,2020-02-20,2282.2,2289.95,2242.5,2248.25,1555224
HINDUNILVR,2020-02-24,2236.8,2262.0,2210.1001,2215.1499,1409245
HINDUNILVR,2020-02-25,2239.8999,2279.7,2225.75,2233.6001,2237493
HINDUNILVR,2020-02-26,2238.8,2255.7,2202.3501,2236.2,2896154
HINDUNILVR,2020-02-27,2241.95,2259.7,2200.0,2254.95,2446802
HINDUNILVR,2020-02-28,2191.1001,2229.3999,2155.0,2174.75,3837330
HINDUNILVR,2020-03-02,2190.0,2241.95,2141.8501,2159.45,1707337
HINDUNILVR,2020-03-03,2171.8999,2189.6001,2141.7,2166.6499,1753148
HINDUNILVR,2020-03-04,2179.0,2185.05,2152.0,2175.8501,1515878
HINDUNILVR,2020-03-05,2185.0,2258.6499,2181.8501,2218.0,2272645
HINDUNILVR,2020-03-06,2185.0,2250.0,2159.25,2188.8999,2479414
HINDUNILVR,2020-03-09,2140.0,2169.6001,2112.0,2121.5,2485118
HINDUNILVR,2020-03-11,2066.0,2169.45,2066.0,2155.0,2861629
HINDUNILVR,2020-03-12,2102.3999,2123.0,2031.65,2055.95,3655780
HINDUNILVR,2020-03-13,1970.0,2120.0,1888.1,2033.2,3667035
HINDUNILVR,2020-03-16,2000.0,2039.2,1933.9,1941.9,2948679
HINDUNILVR,2020-03-17,1955.55,2088.0,1951.95,2004.05,3732382
HINDUNILVR,2020-03-18,2034.05,2063.8,1909.35,1923.8,3910994
HINDUNILVR,2020-03-19,1894.3,1899.0,1757.3,1838.3,5095006
HINDUNILVR,2020-03-20,1850.0,2078.8999,1850.0,2051.7,4252245
HINDUNILVR,2020-03-23,1950.0,1985.05,1850.0,1869.7,3574673
HINDUNILVR,2020-03-24,1975.0,2070.95,1930.0,2027.85,5788124
HINDUNILVR,2020-03-25,2010.05,2138.95,2001.65,2088.1499,3959038
HINDUNILVR,2020-03-26,2089.0,2250.0,2060.0,2194.8999,3201540
HINDUNILVR,2020-03-27,2239.0,2267.6499,2120.5,2140.55,2918646
HINDUNILVR,2020-03-30,2123.0,2213.0,2102.8501,2184.3501,2809606
HINDUNILVR,2020-03-31,2234.8,2313.0,2185.0,2298.5,2809269
HINDUNILVR,2020-04-01,2293.2,2324.8999,2158.05,2179.6499,2774626
HINDUNILVR,2020-04-03,2234.0,2254.1001,2127.95,2154.1001,4121436
HINDUNILVR,2020-04-07,2220.0,2460.0,2220.0,2444.8999,8510114
HINDUNILVR,2020-04-08,2432.0,2614.3,2417.3999,2460.8501,9791862
HINDUNILVR,2020-04-09,2499.95,2500.0,2345.0,2372.25,4770068
HINDUNILVR,2020-04-13,2381.0,2423.0,2315.0,2346.45,3249551
HINDUNILVR,2020-04-15,2425.95,2516.6001,2381.5,2487.55,29485531
HINDUNILVR,2020-04-16,2466.0,2526.1499,2421.1001,2436.1001,5388243
HINDUNILVR,2020-04-17,2498.8,2498.8,2354.05,2385.0,4540936
HINDUNILVR,2020-04-20,2420.0,2420.0,2321.0,2336.55,2985268
HINDUNILVR,2020-04-21,2283.0,2378.0,2282.0,2317.3999,3227335
HINDUNILVR,2020-04-22,2317.95,2399.95,2275.6499,2386.1499,2837815
HINDUNILVR,2020-04-23,2389.0,2413.0,2308.05,2317.5,4095570
HINDUNILVR,2020-04-24,2311.0,2338.0,2280.0,2283.1001,2169013
HINDUNILVR,2020-04-27,2305.0,2329.3999,2283.25,2320.45,2013715
HINDUNILVR,2020-04-28,2338.6499,2338.6499,2267.0,2289.95,2164023
HINDUNILVR,2020-04-29,2290.0,2291.7,2221.0,2231.75,3642151
HINDUNILVR,2020-04-30,2272.0,2272.0,2160.0,2195.0,8448047
HINDUNILVR,2020-05-04,2130.0,2160.0,2066.0,2082.6499,8474573
HINDUNILVR,2020-05-05,2101.2,2121.0,2033.1,2041.5,4304136
HINDUNILVR,2020-05-06,2049.95,2073.0,2000.0,2010.2,5127656
HINDUNILVR,2020-05-07,1950.1,2007.0,1902.0,1992.05,185669922
HINDUNILVR,2020-05-08,2074.95,2098.0,2036.0,2089.45,16100226
HINDUNILVR,2020-05-11,2083.0,2116.55,2035.95,2048.0,11158755
HINDUNILVR,2020-05-12,2020.0,2027.85,1985.0,2011.55,14881008
HINDUNILVR,2020-05-13,2075.0,2075.0,1975.4,1995.75,8432979
HINDUNILVR,2020-05-14,1988.0,2026.55,1980.65,2006.05,8510002
HINDUNILVR,2020-05-15,2015.0,2037.65,2006.0,2032.1,5491136
HINDUNILVR,2020-05-18,2041.5,2047.85,1988.6,2005.25,7675561
HINDUNILVR,2020-05-19,2018.0,2024.8,1968.1,1975.55,5963193
HINDUNILVR,2020-05-20,1975.55,2010.0,1975.0,1990.85,3926496
HINDUNILVR,2020-05-21,1999.0,2003.4,1955.2,1970.9,4261625
HINDUNILVR,2020-05-22,1975.0,1995.05,1958.0,1987.9,5339946
HINDUNILVR,2020-05-26,2004.95,2020.0,1975.0,1977.8,4628932
HINDUNILVR,2020-05-27,1990.0,2005.1,1961.0,1998.1,4261645
HINDUNILVR,2020-05-28,2000.0,2015.0,1990.0,2009.95,5500796
HINDUNILVR,2020-05-29,2009.0,2068.0,2000.0,2057.3501,8778345
ICICIBANK,2020-02-03,504.0,519.15,502.0,515.55,22531888
ICICIBANK,2020-02-04,520.0,534.65,516.65,530.8,17781475
ICICIBANK,2020-02-05,529.05,540.4,525.7,539.1,18782476
ICICIBANK,2020-02-06,540.35,547.0,536.25,541.6,15296851
ICICIBANK,2020-02-07,540.95,541.75,535.15,536.45,8297149
ICICIBANK,2020-02-10,538.65,542.25,530.5,533.95,12536053
ICICIBANK,2020-02-11,537.7,544.8,537.5,539.75,11243552
ICICIBANK,2020-02-12,545.8,550.7,542.7,549.3,14026335
ICICIBANK,2020-02-13,549.0,549.0,538.0,541.0,9227235
ICICIBANK,2020-02-14,541.25,548.65,536.55,545.8,14458649
ICICIBANK,2020-02-17,543.0,545.35,537.75,541.6,7793293
ICICIBANK,2020-02-18,541.0,544.4,536.0,541.2,15918303
ICICIBANK,2020-02-19,543.5,546.5,540.5,544.8,8704234
ICICIBANK,2020-02-20,545.5,549.35,541.8,547.0,13588526
ICICIBANK,2020-02-24,539.5,541.85,527.55,529.85,16940750
ICICIBANK,2020-02-25,532.45,538.8,525.3,530.95,14942960
ICICIBANK,2020-02-26,526.85,529.35,522.2,523.7,15743918
ICICIBANK,2020-02-27,522.8,523.3,512.65,515.35,26315054
ICICIBANK,2020-02-28,501.6,506.85,492.2,497.25,32737933
ICICIBANK,2020-03-02,508.25,520.55,498.45,506.1,28642076
ICICIBANK,2020-03-03,509.85,519.5,508.5,514.75,19661945
ICICIBANK,2020-03-04,517.5,517.5,497.05,508.35,21883404
ICICIBANK,2020-03-05,509.75,511.15,500.0,504.5,16671516
ICICIBANK,2020-03-06,485.0,496.8,477.3,486.35,31024353
ICICIBANK,2020-03-09,475.0,475.0,442.95,457.75,42027175
ICICIBANK,2020-03-11,450.0,471.75,449.6,465.65,31018779
ICICIBANK,2020-03-12,438.0,445.95,416.0,425.65,50757033
ICICIBANK,2020-03-13,401.0,464.75,395.2,447.2,67104335
ICICIBANK,2020-03-16,424.2,424.2,397.45,402.9,34833637
ICICIBANK,2020-03-17,407.0,408.45,364.0,367.25,47232699
ICICIBANK,2020-03-18,369.1,375.5,342.3,355.05,61202289
ICICIBANK,2020-03-19,336.1,369.6,323.0,338.55,57985870
ICICIBANK,2020-03-20,328.0,359.8,323.0,345.7,88640642
ICICIBANK,2020-03-23,311.15,313.7,280.0,284.0,56867949
ICICIBANK,2020-03-24,295.3,305.0,268.3,296.5,67895418
ICICIBANK,2020-03-25,284.0,334.15,281.6,316.9,66544138
ICICIBANK,2020-03-26,322.0,364.4,314.25,330.25,76173940
ICICIBANK,2020-03-27,355.8,359.55,326.0,339.85,72889985
ICICIBANK,2020-03-30,330.1,333.9,311.1,313.4,36559880
ICICIBANK,2020-03-31,324.7,334.85,316.0,323.75,46279768
ICICIBANK,2020-04-01,319.0,323.75,308.1,311.15,33141186
ICICIBANK,2020-04-03,309.5,309.5,281.5,286.65,57326314
ICICIBANK,2020-04-07,308.3,329.6,296.85,326.1,57661076
ICICIBANK,2020-04-08,322.85,352.75,315.1,318.95,73931321
ICICIBANK,2020-04-09,332.4,345.0,322.65,342.7,52431174
ICICIBANK,2020-04-13,341.05,345.8,329.25,330.65,30994190
ICICIBANK,2020-04-15,342.7,351.9,325.0,327.35,49132329
ICICIBANK,2020-04-16,325.3,347.8,319.35,342.0,56494027
ICICIBANK,2020-04-17,362.0,385.5,349.05,375.55,69006835
ICICIBANK,2020-04-20,376.0,378.9,357.0,361.3,55810736
ICICIBANK,2020-04-21,341.0,346.2,328.0,331.85,50118175
ICICIBANK,2020-04-22,326.0,338.0,323.05,335.95,49115085
ICICIBANK,2020-04-23,340.25,354.8,338.0,352.95,45953398
ICICIBANK,2020-04-24,337.9,343.25,331.5,334.85,38513206
ICICIBANK,2020-04-27,339.3,352.9,338.0,347.9,38980019
ICICIBANK,2020-04-28,353.75,362.85,350.25,359.85,32933194
ICICIBANK,2020-04-29,353.0,376.5,351.65,370.45,39341745
ICICIBANK,2020-04-30,382.0,392.95,374.15,380.15,45734705
ICICIBANK,2020-05-04,359.0,359.0,336.0,338.05,38837299
ICICIBANK,2020-05-05,348.0,348.0,329.55,330.85,45069968
ICICIBANK,2020-05-06,331.5,345.55,325.25,341.4,49952812
ICICIBANK,2020-05-07,337.0,342.9,333.7,336.75,27656346
ICICIBANK,2020-05-08,344.0,352.5,333.7,337.7,42968091
ICICIBANK,2020-05-11,341.0,343.55,318.2,320.15,83665601
ICICIBANK,2020-05-12,318.3,324.4,308.0,321.2,69072308
ICICIBANK,2020-05-13,343.5,348.4,332.3,338.05,72816461
ICICIBANK,2020-05-14,330.0,334.5,325.65,327.4,33999095
ICICIBANK,2020-05-15,329.3,330.55,318.8,322.7,31828868
ICICIBANK,2020-05-18,320.0,320.5,293.25,298.5,74034133
ICICIBANK,2020-05-19,307.05,311.5,297.1,300.3,61827491
ICICIBANK,2020-05-20,299.0,308.25,297.5,305.65,42238419
ICICIBANK,2020-05-21,306.0,312.8,302.0,304.4,43075357
ICICIBANK,2020-05-22,301.0,307.7,285.55,291.05,80358245
ICICIBANK,2020-05-26,296.05,297.9,290.0,292.7,46681705
ICICIBANK,2020-05-27,296.1,321.95,294.85,318.85,80541990
ICICIBANK,2020-05-28,322.25,329.75,320.75,326.85,66136408
ICICIBANK,2020-05-29,322.9,334.3,320.0,331.95,60487477
INFY,2020-02-03,782.0,790.95,764.5,767.4,6416745
INFY,2020-02-04,770.1,789.9,770.1,787.85,5771311
INFY,2020-02-05,781.0,786.0,774.4,784.55,6310409
INFY,2020-02-06,784.35,786.8,770.0,771.35,7341622
INFY,2020-02-07,775.95,778.85,771.0,777.3,2853344
INFY,2020-02-10,774.0,778.0,769.75,773.2,3827682
INFY,2020-02-11,779.0,779.1,769.2,773.55,4312817
INFY,2020-02-12,775.8,783.25,775.1,781.05,2948825
INFY,2020-02-13,785.0,794.0,782.2,792.25,4387430
INFY,2020-02-14,794.5,799.2,784.6,786.45,5321680
INFY,2020-02-17,790.3,793.45,783.3,789.45,2929629
INFY,2020-02-18,785.0,799.05,783.65,797.65,5083346
INFY,2020-02-19,800.0,804.85,796.15,800.45,3985192
INFY,2020-02-20,803.25,806.1,793.85,797.0,4564569
INFY,2020-02-24,800.1,811.6,792.15,795.85,6627536
INFY,2020-02-25,799.0,806.0,795.4,798.4,6996695
INFY,2020-02-26,793.95,801.45,780.5,782.75,8760569
INFY,2020-02-27,778.0,780.75,772.2,777.85,5223386
INFY,2020-02-28,750.0,756.8,722.05,731.7,14123957
INFY,2020-03-02,737.0,765.9,733.75,741.05,9821523
INFY,2020-03-03,755.0,759.0,741.25,747.0,7826587
INFY,2020-03-04,753.9,761.5,745.55,758.75,11013444
INFY,2020-03-05,763.75,773.55,751.75,754.6,7755293
INFY,2020-03-06,741.0,744.0,729.1,738.95,9216022
INFY,2020-03-09,724.5,725.85,697.0,704.45,10308654
INFY,2020-03-11,690.65,695.95,669.05,686.0,16165009
INFY,2020-03-12,668.0,670.0,627.5,631.2,13965574
INFY,2020-03-13,592.0,667.0,570.0,642.35,16903113
INFY,2020-03-16,622.0,622.15,580.0,583.15,19140152
INFY,2020-03-17,588.1,592.0,550.0,554.95,16059887
INFY,2020-03-18,568.0,578.0,528.0,534.3,15390183
INFY,2020-03-19,509.25,558.0,509.25,545.55,16583991
INFY,2020-03-20,549.5,617.45,548.0,585.2,21354894
INFY,2020-03-23,540.0,560.95,515.9,526.45,17146150
INFY,2020-03-24,522.0,601.15,522.0,589.8,20027097
INFY,2020-03-25,597.0,635.0,565.7,606.2,18339548
INFY,2020-03-26,615.0,650.85,612.1,643.0,14843813
INFY,2020-03-27,665.05,674.9,642.25,652.7,13495283
INFY,2020-03-30,625.1,663.5,621.1,626.7,14624804
INFY,2020-03-31,650.0,662.0,633.7,641.5,15175521
INFY,2020-04-01,634.35,637.5,594.0,602.8,13083824
INFY,2020-04-03,603.5,606.0,582.15,585.7,10221655
INFY,2020-04-07,615.0,644.25,612.9,639.0,15145605
INFY,2020-04-08,630.0,655.65,626.35,631.6,11806896
INFY,2020-04-09,646.8,652.8,632.1,636.25,11931114
INFY,2020-04-13,629.0,651.7,626.05,637.4,8330276
INFY,2020-04-15,651.4,653.3,635.6,639.05,11963447
INFY,2020-04-16,619.95,634.9,603.5,623.85,17783287
INFY,2020-04-17,644.0,646.0,626.0,628.75,8878320
INFY,2020-04-20,640.0,661.0,639.0,653.3,13322913
INFY,2020-04-21,627.8,646.5,627.8,633.2,11660575
INFY,2020-04-22,633.2,645.0,628.05,641.85,8266728
INFY,2020-04-23,647.05,683.65,638.1,679.3,14451289
INFY,2020-04-24,668.55,675.0,654.8,658.0,7319940
INFY,2020-04-27,661.05,681.0,661.05,664.6,7183306
INFY,2020-04-28,673.0,677.0,653.05,660.7,7296571
INFY,2020-04-29,666.0,682.0,658.0,676.55,8639056
INFY,2020-04-30,700.0,720.0,698.1,715.5,16253821
INFY,2020-05-04,689.8,701.2,670.35,673.7,9122740
INFY,2020-05-05,681.75,685.6,670.0,673.7,6393053
INFY,2020-05-06,676.9,681.45,664.05,665.9,7934250
INFY,2020-05-07,665.55,674.35,662.45,664.95,4779548
INFY,2020-05-08,672.25,680.9,668.5,674.2,8400321
INFY,2020-05-11,682.5,698.55,678.0,682.9,7370186
INFY,2020-05-12,678.5,691.0,675.5,687.65,7356039
INFY,2020-05-13,694.8,699.9,683.75,694.15,8287101
INFY,2020-05-14,659.0,671.75,652.6,658.15,16888262
INFY,2020-05-15,664.8,664.8,646.7,652.3,9255353
INFY,2020-05-18,659.85,670.55,653.0,663.9,10435442
INFY,2020-05-19,664.0,674.8,655.0,668.6,5902208
INFY,2020-05-20,668.5,673.0,659.65,669.55,5794636
INFY,2020-05-21,666.5,679.45,665.4,672.2,7213225
INFY,2020-05-22,675.0,695.85,673.5,692.35,11867731
INFY,2020-05-26,693.0,699.45,679.0,680.55,7099606
INFY,2020-05-27,686.05,709.2,675.0,705.45,8774636
INFY,2020-05-28,707.0,710.0,690.0,707.4,9440091
INFY,2020-05-29,692.5,700.8,674.95,691.0,28290128
JNJ,2020-02-03,149.42,150.49,149.24,150.17,5765200
JNJ,2020-02-04,151.49,152.75,151.2,151.6,6541400
JNJ,2020-02-05,151.72,154.02,151.31,153.99,5979900
JNJ,2020-02-06,154.25,154.5,152.74,153.53,6201200
JNJ,2020-02-07,153.34,153.46,151.55,151.89,5700300
JNJ,2020-02-10,151.68,151.91,150.89,151.86,4835600
JNJ,2020-02-11,152.29,152.38,151.54,151.99,3715300
JNJ,2020-02-12,151.87,152.15,150.92,151.09,5166800
JNJ,2020-02-13,150.16,151.04,149.88,150.09,5480200
JNJ,2020-02-14,150.56,150.64,149.15,150.13,5716300
JNJ,2020-02-18,150.47,150.74,149.06,149.14,7230700
JNJ,2020-02-19,149.21,149.76,148.58,148.94,6115200
JNJ,2020-02-20,148.61,149.38,147.4,148.37,7464700
JNJ,2020-02-21,148.09,150.24,147.54,149.93,7776800
JNJ,2020-02-24,146.5,149.0,145.25,145.91,10588900
JNJ,2020-02-25,145.99,146.75,143.83,144.65,10529000
JNJ,2020-02-26,145.35,146.22,143.59,143.68,10093800
JNJ,2020-02-27,142.56,144.77,138.95,139.12,12566700
JNJ,2020-02-28,135.36,137.29,130.82,134.48,19820300
JNJ,2020-03-02,134.78,140.13,134.01,140.02,11508200
JNJ,2020-03-03,140.0,140.99,133.1,135.59,13662500
JNJ,2020-03-04,137.68,143.64,137.14,143.48,10560500
JNJ,2020-03-05,140.8,142.68,139.84,142.01,11339200
JNJ,2020-03-06,138.48,143.01,137.41,142.03,12239100
JNJ,2020-03-09,136.33,139.68,134.9,136.44,13848600
JNJ,2020-03-10,139.97,141.95,134.23,141.64,12698100
JNJ,2020-03-11,138.09,138.75,131.5,131.8,17763400
JNJ,2020-03-12,127.31,133.76,124.5,125.41,21539200
JNJ,2020-03-13,129.32,134.92,124.65,134.29,20084200
JNJ,2020-03-16,123.57,133.76,122.43,127.13,18877900
JNJ,2020-03-17,128.55,136.77,127.81,136.59,18911800
JNJ,2020-03-18,131.02,135.67,128.71,134.96,17521100
JNJ,2020-03-19,134.99,134.99,126.15,127.05,18482300
JNJ,2020-03-20,126.83,127.44,118.13,119.89,19785100
JNJ,2020-03-23,117.0,118.56,109.16,111.14,20815200
JNJ,2020-03-24,118.76,119.65,113.86,119.18,17604800
JNJ,2020-03-25,118.91,123.96,116.7,119.4,13986100
JNJ,2020-03-26,120.57,127.1,120.38,126.57,15066800
JNJ,2020-03-27,121.65,127.62,120.58,123.16,12133200
JNJ,2020-03-30,128.46,133.99,127.5,133.01,21754000
JNJ,2020-03-31,134.99,135.71,130.05,131.13,15746100
JNJ,2020-04-01,127.7,130.23,125.5,128.81,12606100
JNJ,2020-04-02,129.12,134.0,127.22,133.15,11594500
JNJ,2020-04-03,132.38,134.79,131.58,134.17,10071200
JNJ,2020-04-06,137.01,140.97,135.54,139.76,14994400
JNJ,2020-04-07,139.86,142.03,137.26,137.48,11567100
JNJ,2020-04-08,137.75,144.13,137.3,143.26,10758200
JNJ,2020-04-09,144.01,145.42,140.28,141.23,11125400
JNJ,2020-04-13,140.0,141.49,137.84,139.77,8153200
JNJ,2020-04-14,145.42,147.42,144.05,146.03,13838000
JNJ,2020-04-15,145.55,147.91,143.54,147.66,11962300
JNJ,2020-04-16,148.31,150.68,146.44,149.67,12181700
JNJ,2020-04-17,151.99,152.3,149.6,152.02,10920000
JNJ,2020-04-20,150.93,153.0,150.09,151.67,12226200
JNJ,2020-04-21,150.12,151.64,148.57,149.68,9951100
JNJ,2020-04-22,152.81,155.0,151.73,152.99,11515600
JNJ,2020-04-23,154.25,157.0,153.7,155.51,10665000
JNJ,2020-04-24,155.57,156.3,153.64,154.86,8653400
JNJ,2020-04-27,154.81,156.05,154.0,154.29,8924000
JNJ,2020-04-28,151.25,153.1,150.7,151.39,8558700
JNJ,2020-04-29,151.38,151.63,149.16,150.24,9285200
JNJ,2020-04-30,148.46,150.43,147.16,150.04,14829600
JNJ,2020-05-01,149.62,149.67,146.79,148.29,7309000
JNJ,2020-05-04,148.77,149.08,147.09,148.27,7198400
JNJ,2020-05-05,149.0,150.78,148.64,149.5,6562300
JNJ,2020-05-06,150.0,150.32,148.04,148.08,6191600
JNJ,2020-05-07,149.37,149.53,147.13,147.59,5570500
JNJ,2020-05-08,148.92,149.18,147.89,148.7,4712100
JNJ,2020-05-11,148.45,150.1,148.12,149.11,5887500
JNJ,2020-05-12,150.1,150.34,147.03,147.14,7039200
JNJ,2020-05-13,146.08,148.95,146.01,147.13,6970500
JNJ,2020-05-14,145.39,147.76,144.26,147.64,6871400
JNJ,2020-05-15,147.87,150.48,145.66,150.44,10340400
JNJ,2020-05-18,152.49,153.62,150.46,150.52,7388400
JNJ,2020-05-19,150.1,151.1,148.4,149.02,6107300
JNJ,2020-05-20,149.75,150.39,147.27,147.68,5713400
JNJ,2020-05-21,148.5,148.5,145.82,146.71,6487300
JNJ,2020-05-22,144.57,146.29,144.06,144.37,6140900
JNJ,2020-05-26,146.19,146.44,144.3,144.56,7072300
JNJ,2020-05-27,144.32,145.25,143.01,144.89,7950000
JNJ,2020-05-28,146.02,148.11,145.81,146.97,6189600
JNJ,2020-05-29,147.96,149.35,145.33,148.75,8504000
JPM,2020-02-03,132.66,134.24,132.66,133.37,10021100
JPM,2020-02-04,135.55,136.6,135.08,135.29,9157100
JPM,2020-02-05,136.57,137.73,136.01,137.59,10150700
JPM,2020-02-06,138.24,138.29,137.11,137.61,8992300
JPM,2020-02-07,136.73,137.67,136.3,137.17,6379800
JPM,2020-02-10,136.95,137.85,136.75,137.74,5960700
JPM,2020-02-11,138.26,138.82,137.78,138.0,6578600
JPM,2020-02-12,138.6,139.29,137.8,138.0,7958000
JPM,2020-02-13,137.75,138.34,136.4,137.88,7447500
JPM,2020-02-14,137.84,138.19,136.94,137.46,6627600
JPM,2020-02-18,137.34,137.71,135.05,135.64,8996400
JPM,2020-02-19,136.91,138.39,136.34,137.49,7071200
JPM,2020-02-20,137.17,138.36,136.53,137.49,7422800
JPM,2020-02-21,136.55,136.92,134.92,135.81,9772800
JPM,2020-02-24,131.44,133.2,130.8,132.16,13618400
JPM,2020-02-25,131.0,132.23,125.59,126.26,20797200
JPM,2020-02-26,126.93,128.95,126.34,126.64,24825600
JPM,2020-02-27,122.91,125.62,121.3,121.37,23005500
JPM,2020-02-28,117.52,118.49,112.66,116.11,45931400
JPM,2020-03-02,116.63,121.58,114.46,121.52,27355400
JPM,2020-03-03,120.97,122.95,116.24,116.96,32547700
JPM,2020-03-04,118.33,120.19,114.7,119.85,25795900
JPM,2020-03-05,115.67,116.43,112.58,113.97,25025600
JPM,2020-03-06,106.26,110.32,105.02,108.08,38159400
JPM,2020-03-09,96.57,99.23,93.0,93.44,40352000
JPM,2020-03-10,99.0,101.28,94.58,100.7,31102700
JPM,2020-03-11,97.7,100.05,94.55,95.96,38127000
JPM,2020-03-12,89.59,96.96,86.32,88.05,49725200
JPM,2020-03-13,95.99,103.99,92.0,103.91,38543300
JPM,2020-03-16,85.2,93.98,84.55,88.36,38589700
JPM,2020-03-17,90.89,97.44,87.5,93.76,35239800
JPM,2020-03-18,87.67,90.79,80.36,83.89,41525600
JPM,2020-03-19,81.56,88.11,76.91,85.3,32175100
JPM,2020-03-20,86.3,89.46,82.48,83.5,30150800
JPM,2020-03-23,82.68,83.75,78.09,79.03,32536600
JPM,2020-03-24,84.9,90.1,82.9,88.43,34363200
JPM,2020-03-25,89.24,95.15,84.54,91.73,38111700
JPM,2020-03-26,94.08,98.57,93.54,98.12,29826300
JPM,2020-03-27,93.19,94.84,90.55,91.13,30041500
JPM,2020-03-30,90.65,94.09,89.3,93.5,21656900
JPM,2020-03-31,92.05,94.17,89.34,90.03,23379300
JPM,2020-04-01,85.1,86.56,83.25,84.36,28029600
JPM,2020-04-02,83.51,87.91,82.96,87.51,24018000
JPM,2020-04-03,86.0,87.48,82.77,84.05,21199400
JPM,2020-04-06,88.99,90.99,87.7,89.46,26820800
JPM,2020-04-07,94.45,94.5,90.38,90.64,22563800
JPM,2020-04-08,92.1,94.86,90.55,94.3,22903300
JPM,2020-04-09,96.92,104.39,96.89,102.76,42055900
JPM,2020-04-13,103.11,103.11,97.3,98.19,26911900
JPM,2020-04-14,101.02,102.0,93.64,95.5,46151300
JPM,2020-04-15,91.15,92.03,90.13,90.79,30118600
JPM,2020-04-16,90.23,90.57,87.05,87.33,32449600
JPM,2020-04-17,92.0,95.7,90.96,95.18,30191900
JPM,2020-04-20,92.47,94.71,90.46,91.71,23679400
JPM,2020-04-21,88.62,91.38,88.33,89.05,23035000
JPM,2020-04-22,90.69,91.87,89.18,89.34,16662400
JPM,2020-04-23,89.74,91.28,89.26,89.39,16638800
JPM,2020-04-24,90.64,91.1,88.49,90.71,15809200
JPM,2020-04-27,91.94,95.63,91.54,94.62,22870200
JPM,2020-04-28,97.81,98.36,95.03,95.29,20238900
JPM,2020-04-29,99.08,99.45,97.27,97.86,20462600
JPM,2020-04-30,95.6,96.84,94.55,95.76,19127600
JPM,2020-05-01,93.5,93.74,91.84,93.25,18547700
JPM,2020-05-04,92.02,92.67,90.8,92.14,15725900
JPM,2020-05-05,93.65,94.21,91.9,92.0,18064100
JPM,2020-05-06,92.16,92.76,89.93,90.27,20978000
JPM,2020-05-07,91.34,92.91,90.58,91.21,16771900
JPM,2020-05-08,92.8,94.08,92.11,92.7,20487800
JPM,2020-05-11,91.11,91.11,89.33,89.97,31907600
JPM,2020-05-12,90.15,90.79,86.9,87.03,27962900
JPM,2020-05-13,86.38,86.86,83.4,84.03,35451600
JPM,2020-05-14,82.72,88.11,82.4,87.52,35152500
JPM,2020-05-15,86.85,87.28,85.3,85.9,26099000
JPM,2020-05-18,88.69,91.15,87.88,90.45,30504400
JPM,2020-05-19,90.05,91.2,88.59,88.67,19597300
JPM,2020-05-20,90.71,92.39,90.37,91.33,20552400
JPM,2020-05-21,90.27,91.76,89.67,90.17,14621400
JPM,2020-05-22,90.01,90.36,88.72,89.47,13557900
JPM,2020-05-26,92.89,97.5,92.61,95.82,41233900
JPM,2020-05-27,102.07,102.58,98.8,101.37,39402000
JPM,2020-05-28,102.94,102.95,99.4,99.86,24713900
JPM,2020-05-29,98.66,99.18,96.78,97.31,26526400
KOTAKBANK,2020-02-03,329.12,336.16,326.8,335.25,12551470
KOTAKBANK,2020-02-04,336.81,340.56,334.03,339.66,10352085
KOTAKBANK,2020-02-05,340.4,341.49,335.42,337.95,10482560
KOTAKBANK,2020-02-06,338.78,339.58,333.6,334.8,12663090
KOTAKBANK,2020-02-07,335.15,335.59,328.8,330.61,11450755
KOTAKBANK,2020-02-10,332.0,334.92,329.14,333.86,6775620
KOTAKBANK,2020-02-11,336.49,337.16,333.31,335.49,9573830
KOTAKBANK,2020-02-12,336.02,344.0,335.0,342.98,15052685
KOTAKBANK,2020-02-13,342.94,342.94,336.46,337.96,11234600
KOTAKBANK,2020-02-14,339.2,340.6,332.72,336.19,9460785
KOTAKBANK,2020-02-17,337.0,339.84,334.45,338.22,9063825
KOTAKBANK,2020-02-18,336.5,339.96,335.66,338.2,11095195
KOTAKBANK,2020-02-19,348.0,348.0,339.08,340.22,15842670
KOTAKBANK,2020-02-20,339.46,339.85,335.24,337.19,10499515
KOTAKBANK,2020-02-24,334.4,336.75,332.46,335.65,9630665
KOTAKBANK,2020-02-25,335.24,337.94,333.67,335.16,7677775
KOTAKBANK,2020-02-26,334.02,335.54,331.4,333.3,12929475
KOTAKBANK,2020-02-27,333.2,337.78,332.12,336.55,13446760
KOTAKBANK,2020-02-28,330.98,332.02,322.75,324.07,18716560
KOTAKBANK,2020-03-02,326.2,327.46,316.84,319.8,23814235
KOTAKBANK,2020-03-03,320.76,327.27,317.4,325.26,14591930
KOTAKBANK,2020-03-04,326.44,326.62,315.52,321.59,12651105
KOTAKBANK,2020-03-05,323.0,335.3,321.6,330.27,25304810
KOTAKBANK,2020-03-06,321.04,328.8,319.64,326.21,17711215
KOTAKBANK,2020-03-09,319.0,321.99,308.52,315.63,27677505
KOTAKBANK,2020-03-11,315.19,320.98,308.5,317.86,23571010
KOTAKBANK,2020-03-12,301.98,309.29,270.19,293.01,39039565
KOTAKBANK,2020-03-13,280.0,301.0,234.41,294.01,57044450
KOTAKBANK,2020-03-16,283.4,288.95,275.0,276.74,32902600
KOTAKBANK,2020-03-17,278.4,280.59,260.62,264.54,24105575
KOTAKBANK,2020-03-18,265.2,265.8,232.42,234.39,55827210
KOTAKBANK,2020-03-19,219.01,250.72,200.2,242.17,49586245
KOTAKBANK,2020-03-20,243.4,256.72,229.3,252.47,51895950
KOTAKBANK,2020-03-23,227.5,240.89,215.63,219.65,33472025
KOTAKBANK,2020-03-24,230.63,237.0,208.22,230.58,36859170
KOTAKBANK,2020-03-25,228.0,264.8,225.01,258.03,32245300
KOTAKBANK,2020-03-26,260.0,278.0,250.56,274.59,36274745
KOTAKBANK,2020-03-27,287.2,290.0,274.91,279.82,51116430
KOTAKBANK,2020-03-30,269.04,276.0,255.16,258.74,27851625
KOTAKBANK,2020-03-31,265.66,266.0,257.0,259.21,22384305
KOTAKBANK,2020-04-01,258.98,258.98,231.6,236.33,54192310
KOTAKBANK,2020-04-03,236.33,236.6,217.4,228.17,50557355
KOTAKBANK,2020-04-07,244.2,245.81,234.2,239.61,42762850
KOTAKBANK,2020-04-08,236.96,248.51,232.07,237.53,37025435
KOTAKBANK,2020-04-09,243.0,256.24,238.02,254.58,40487010
KOTAKBANK,2020-04-13,250.0,251.43,243.2,250.18,21252680
KOTAKBANK,2020-04-15,253.17,254.19,230.66,234.75,45228380
KOTAKBANK,2020-04-16,232.99,232.99,222.89,226.17,55276025
KOTAKBANK,2020-04-17,237.47,239.59,227.0,237.25,42926975
KOTAKBANK,2020-04-20,244.0,244.9,234.45,235.55,32800900
KOTAKBANK,2020-04-21,230.0,231.0,225.0,226.03,23998980
KOTAKBANK,2020-04-22,225.41,233.35,221.64,230.43,34818460
KOTAKBANK,2020-04-23,234.4,251.0,231.62,249.93,52791235
KOTAKBANK,2020-04-24,243.8,251.6,242.67,247.91,33921175
KOTAKBANK,2020-04-27,250.38,264.98,250.38,260.72,38857060
KOTAKBANK,2020-04-28,262.02,267.3,262.02,265.33,33391940
KOTAKBANK,2020-04-29,265.4,270.4,263.04,265.57,33516145
KOTAKBANK,2020-04-30,268.0,276.0,266.81,271.44,31362610
KOTAKBANK,2020-05-04,259.0,261.18,252.74,255.56,25482195
KOTAKBANK,2020-05-05,259.4,260.58,245.0,247.67,25024205
KOTAKBANK,2020-05-06,246.2,255.48,242.85,249.19,23021370
KOTAKBANK,2020-05-07,246.1,248.0,236.85,239.96,34216360
KOTAKBANK,2020-05-08,244.4,248.59,242.21,243.49,17556020
KOTAKBANK,2020-05-11,248.11,250.46,237.0,237.69,23370405
KOTAKBANK,2020-05-12,235.6,235.6,227.4,231.44,51342750
KOTAKBANK,2020-05-13,243.01,244.0,234.54,237.34,59574620
KOTAKBANK,2020-05-14,235.78,242.8,233.43,234.62,35499850
KOTAKBANK,2020-05-15,235.97,237.98,230.84,235.66,19319900
KOTAKBANK,2020-05-18,235.0,235.2,222.0,222.73,31987080
KOTAKBANK,2020-05-19,230.0,233.98,225.06,226.09,31914605
KOTAKBANK,2020-05-20,226.0,235.6,223.0,232.02,26271940
KOTAKBANK,2020-05-21,233.0,237.91,228.92,230.05,29885640
KOTAKBANK,2020-05-22,228.0,233.44,223.3,232.04,25948740
KOTAKBANK,2020-05-26,232.0,235.0,228.91,230.64,27353985
KOTAKBANK,2020-05-27,232.79,248.6,232.2,243.51,58726830
KOTAKBANK,2020-05-28,244.8,250.98,241.92,245.89,53550015
KOTAKBANK,2020-05-29,243.3,245.96,240.01,244.8,27486760
MSFT,2020-02-03,170.43,174.5,170.4,174.38,30107000
MSFT,2020-02-04,177.14,180.64,176.31,180.12,36433300
MSFT,2020-02-05,184.03,184.2,178.41,179.9,39186300
MSFT,2020-02-06,180.97,183.82,180.06,183.63,27751400
MSFT,2020-02-07,182.85,185.63,182.48,183.89,33529100
MSFT,2020-02-10,183.58,188.84,183.25,188.7,35844300
MSFT,2020-02-11,190.65,190.7,183.5,184.44,53159900
MSFT,2020-02-12,185.58,185.85,181.85,184.71,47062900
MSFT,2020-02-13,183.08,186.23,182.87,183.71,35295800
MSFT,2020-02-14,183.25,185.41,182.65,185.35,23149500
MSFT,2020-02-18,185.61,187.7,185.5,187.23,27792200
MSFT,2020-02-19,188.06,188.18,186.47,187.28,29997500
MSFT,2020-02-20,186.95,187.25,181.1,184.42,36862400
MSFT,2020-02-21,183.17,183.5,177.25,178.59,48572600
MSFT,2020-02-24,167.77,174.55,163.23,170.89,68311100
MSFT,2020-02-25,174.2,174.84,167.65,168.07,68073300
MSFT,2020-02-26,169.71,173.26,168.21,170.17,56206100
MSFT,2020-02-27,163.32,167.03,157.98,158.18,93174900
MSFT,2020-02-28,152.41,163.71,152.0,162.01,97012700
MSFT,2020-03-02,165.31,172.92,162.31,172.79,71030800
MSFT,2020-03-03,173.8,175.0,162.26,164.51,71677000
MSFT,2020-03-04,168.49,170.7,165.62,170.55,49814400
MSFT,2020-03-05,166.05,170.87,165.69,166.27,47817300
MSFT,2020-03-06,162.61,163.11,156.0,161.57,72821100
MSFT,2020-03-09,151.0,157.75,150.0,150.62,70419300
MSFT,2020-03-10,158.16,161.03,152.58,160.92,65354400
MSFT,2020-03-11,157.13,157.7,151.15,153.63,56371600
MSFT,2020-03-12,145.3,153.47,138.58,139.06,93226400
MSFT,2020-03-13,147.5,161.91,140.73,158.83,92727400
MSFT,2020-03-16,140.0,149.35,135.0,135.42,87905900
MSFT,2020-03-17,140.0,147.5,135.0,146.57,81059800
MSFT,2020-03-18,138.0,146.0,135.02,140.4,81593200
MSFT,2020-03-19,142.77,150.15,139.0,142.71,85922700
MSFT,2020-03-20,146.0,147.1,135.86,137.35,84866200
MSFT,2020-03-23,137.01,140.57,132.52,135.98,78975200
MSFT,2020-03-24,143.75,149.6,141.27,148.34,82516700
MSFT,2020-03-25,148.91,154.33,144.44,146.92,75638200
MSFT,2020-03-26,148.4,156.66,148.37,156.11,64568100
MSFT,2020-03-27,151.75,154.89,149.2,149.7,57042300
MSFT,2020-03-30,152.44,160.6,150.01,160.23,63420300
MSFT,2020-03-31,159.4,164.78,156.56,157.71,77927200
MSFT,2020-04-01,153.0,157.75,150.82,152.11,57969900
MSFT,2020-04-02,151.86,155.48,150.36,155.26,49630700
MSFT,2020-04-03,155.1,157.38,152.19,153.83,41243300
MSFT,2020-04-06,160.32,166.5,157.58,165.27,67111700
MSFT,2020-04-07,169.59,170.0,163.26,163.49,62769000
MSFT,2020-04-08,165.67,166.67,163.5,165.13,48318200
MSFT,2020-04-09,166.36,167.37,163.33,165.14,51385100
MSFT,2020-04-13,164.35,165.57,162.3,165.51,41905300
MSFT,2020-04-14,169.0,173.75,168.0,173.7,52874300
MSFT,2020-04-15,171.2,173.57,169.24,171.88,40940800
MSFT,2020-04-16,174.3,177.28,172.9,177.04,50479600
MSFT,2020-04-17,179.5,180.0,175.87,178.6,52765600
MSFT,2020-04-20,176.63,178.75,174.99,175.06,36669600
MSFT,2020-04-21,173.5,173.67,166.11,167.82,56203700
MSFT,2020-04-22,171.39,174.0,170.82,173.52,34620200
MSFT,2020-04-23,174.11,175.06,170.91,171.42,32790800
MSFT,2020-04-24,172.06,174.56,170.71,174.55,34277600
MSFT,2020-04-27,176.59,176.9,173.3,174.05,33194400
MSFT,2020-04-28,175.59,175.67,169.39,169.81,34392700
MSFT,2020-04-29,173.22,177.68,171.88,177.43,51286600
MSFT,2020-04-30,180.0,180.4,176.23,179.21,53875900
MSFT,2020-05-01,175.8,178.64,174.01,174.57,39370500
MSFT,2020-05-04,174.49,179.0,173.8,178.84,30372900
MSFT,2020-05-05,180.62,183.65,179.9,180.76,36839200
MSFT,2020-05-06,182.08,184.2,181.63,182.54,32139300
MSFT,2020-05-07,184.17,184.55,182.58,183.6,28316000
MSFT,2020-05-08,184.98,185.0,183.36,184.68,30877800
MSFT,2020-05-11,183.15,187.51,182.85,186.74,30892700
MSFT,2020-05-12,186.8,187.04,182.3,182.51,32038200
MSFT,2020-05-13,182.55,184.05,176.54,179.75,44711500
MSFT,2020-05-14,177.54,180.69,175.68,180.53,41873900
MSFT,2020-05-15,179.06,187.06,177.0,183.16,46610400
MSFT,2020-05-18,185.75,186.2,183.96,184.91,35264500
MSFT,2020-05-19,185.03,186.6,183.49,183.63,26799100
MSFT,2020-05-20,184.81,185.85,183.94,185.66,31261300
MSFT,2020-05-21,185.4,186.67,183.29,183.43,29119500
MSFT,2020-05-22,183.19,184.46,182.54,183.51,20826900
MSFT,2020-05-26,186.34,186.5,181.1,181.57,36073600
MSFT,2020-05-27,180.2,181.99,176.6,181.81,39517100
MSFT,2020-05-28,180.74,184.15,180.38,181.4,33810200
MSFT,2020-05-29,182.73,184.27,180.41,183.25,42130400
NVDA,2020-02-03,5.8925,6.0278,5.8863,6.0083,255564000
NVDA,2020-02-04,6.1508,6.1975,6.1005,6.1782,271544000
NVDA,2020-02-05,6.2997,6.31,6.1852,6.269,208220000
NVDA,2020-02-06,6.3035,6.3562,6.222,6.3562,218284000
NVDA,2020-02-07,6.316,6.3383,6.2642,6.2898,189752000
NVDA,2020-02-10,6.3125,6.575,6.3075,6.5743,529608000
NVDA,2020-02-11,6.683,6.8125,6.6207,6.6972,638556000
NVDA,2020-02-12,6.7502,6.82,6.7112,6.8135,374644000
NVDA,2020-02-13,6.7552,6.837,6.7277,6.7695,528016000
NVDA,2020-02-14,7.1815,7.3742,7.15,7.2448,1041924000
NVDA,2020-02-18,7.141,7.4328,7.1215,7.4142,620164000
NVDA,2020-02-19,7.5373,7.8853,7.5373,7.8675,694332000
NVDA,2020-02-20,7.8193,7.908,7.4088,7.7175,810052000
NVDA,2020-02-21,7.6048,7.63,7.2665,7.3517,768180000
NVDA,2020-02-24,6.7547,7.0468,6.7,6.832,856916000
NVDA,2020-02-25,6.9075,6.9697,6.449,6.5512,1055496000
NVDA,2020-02-26,6.5515,6.8863,6.55,6.6912,747732000
NVDA,2020-02-27,6.3725,6.675,6.2222,6.315,906416000
NVDA,2020-02-28,6.0615,6.8115,6.0448,6.7517,1133252000
NVDA,2020-03-02,6.9225,6.9398,6.525,6.9107,890744000
NVDA,2020-03-03,6.9668,7.0268,6.5615,6.6473,652792000
NVDA,2020-03-04,6.755,7.1223,6.68,7.1128,597408000
NVDA,2020-03-05,6.9125,7.08,6.7875,6.8323,540328000
NVDA,2020-03-06,6.652,6.7098,6.45,6.651,515412000
NVDA,2020-03-09,5.9975,6.485,5.9545,6.136,614160000
NVDA,2020-03-10,6.4135,6.527,6.1498,6.527,580648000
NVDA,2020-03-11,6.3865,6.415,6.0642,6.1617,499964000
NVDA,2020-03-12,5.6365,5.903,5.395,5.4078,816540000
NVDA,2020-03-13,5.7625,6.0255,5.4903,6.021,634836000
NVDA,2020-03-16,5.3102,5.6525,4.85,4.91,726972000
NVDA,2020-03-17,5.0227,5.5215,4.775,5.4317,833632000
NVDA,2020-03-18,5.0025,5.2485,4.517,5.0705,874268000
NVDA,2020-03-19,5.049,5.4183,4.8348,5.3243,765512000
NVDA,2020-03-20,5.475,5.758,5.1283,5.1438,804636000
NVDA,2020-03-23,5.1427,5.412,4.963,5.3172,643876000
NVDA,2020-03-24,5.725,6.3165,5.7013,6.2295,1101644000
NVDA,2020-03-25,6.345,6.5455,6.0915,6.1405,793432000
NVDA,2020-03-26,6.3485,6.5555,6.25,6.431,696108000
NVDA,2020-03-27,6.25,6.578,6.217,6.3183,638828000
NVDA,2020-03-30,6.384,6.649,6.3397,6.6398,602252000
NVDA,2020-03-31,6.68,6.885,6.4437,6.59,949960000
NVDA,2020-04-01,6.3913,6.5382,6.032,6.0767,656912000
NVDA,2020-04-02,6.106,6.4,6.0578,6.3868,675764000
NVDA,2020-04-03,6.349,6.3907,5.9598,6.0978,663212000
NVDA,2020-04-06,6.381,6.747,6.3232,6.71,727884000
NVDA,2020-04-07,6.9325,6.9563,6.4325,6.4757,784520000
NVDA,2020-04-08,6.5852,6.6988,6.515,6.6737,542444000
NVDA,2020-04-09,6.8,6.823,6.5105,6.5738,525564000
NVDA,2020-04-13,6.5138,6.755,6.425,6.7463,398408000
NVDA,2020-04-14,6.875,7.133,6.8472,7.0988,530948000
NVDA,2020-04-15,6.93,7.1042,6.8845,7.021,366148000
NVDA,2020-04-16,7.177,7.475,7.1638,7.3675,745620000
NVDA,2020-04-17,7.45,7.4715,7.1735,7.308,539120000
NVDA,2020-04-20,7.181,7.3375,7.1318,7.1762,449388000
NVDA,2020-04-21,7.0578,7.1192,6.6778,6.7378,735160000
NVDA,2020-04-22,6.9307,7.1968,6.885,7.1537,483356000
NVDA,2020-04-23,7.196,7.3285,7.075,7.1002,424160000
NVDA,2020-04-24,7.09,7.2417,7.015,7.2397,352328000
NVDA,2020-04-27,7.3748,7.5875,7.35,7.427,479388000
NVDA,2020-04-28,7.575,7.605,7.2785,7.284,442904000
NVDA,2020-04-29,7.4193,7.5145,7.3438,7.4615,379160000
NVDA,2020-04-30,7.4072,7.4615,7.293,7.307,375916000
NVDA,2020-05-01,7.1087,7.2225,7.021,7.0695,342096000
NVDA,2020-05-04,7.022,7.296,7.022,7.2822,317556000
NVDA,2020-05-05,7.3868,7.5068,7.2822,7.3435,368896000
NVDA,2020-05-06,7.4233,7.55,7.3853,7.4447,323464000
NVDA,2020-05-07,7.5845,7.6852,7.533,7.6217,373732000
NVDA,2020-05-08,7.6937,7.8187,7.6597,7.8125,339216000
NVDA,2020-05-11,7.8075,8.1125,7.7787,8.0655,469060000
NVDA,2020-05-12,8.1235,8.1725,7.7927,7.8025,493060000
NVDA,2020-05-13,7.9175,8.0785,7.5947,7.78,625852000
NVDA,2020-05-14,7.8418,8.036,7.6875,8.0305,602312000
NVDA,2020-05-15,7.8898,8.5005,7.874,8.4908,987660000
NVDA,2020-05-18,8.7605,8.9165,8.6805,8.7502,774460000
NVDA,2020-05-19,8.7902,9.0875,8.7627,8.8055,717320000
NVDA,2020-05-20,8.991,9.043,8.8888,8.97,587536000
NVDA,2020-05-21,9.0515,9.0525,8.7375,8.7753,761068000
NVDA,2020-05-22,8.8252,9.093,8.7133,9.0262,1038764000
NVDA,2020-05-26,9.1567,9.1818,8.672,8.7177,770780000
NVDA,2020-05-27,8.625,8.6327,7.9967,8.5253,1175892000
NVDA,2020-05-28,8.4122,8.7605,8.3792,8.487,734896000
NVDA,2020-05-29,8.5545,8.8755,8.485,8.8755,745256000
RELIANCE,2020-02-03,626.2722,640.0101,623.1406,633.404,30712290
RELIANCE,2020-02-04,640.0329,654.8908,639.0272,652.1021,25383901
RELIANCE,2020-02-05,655.988,664.1713,653.8851,662.2054,18472100
RELIANCE,2020-02-06,664.7656,670.663,658.3653,666.4571,15538577
RELIANCE,2020-02-07,663.3484,663.9656,652.9707,655.4166,12209212
RELIANCE,2020-02-10,652.8336,660.834,644.8103,656.308,15142476
RELIANCE,2020-02-11,661.7026,670.2973,660.6282,664.1484,13999816
RELIANCE,2020-02-12,665.7028,674.2518,665.1771,672.1717,13533565
RELIANCE,2020-02-13,675.5776,675.5776,668.6515,673.9318,13565659
RELIANCE,2020-02-14,675.349,686.4124,664.3084,680.0807,21227841
RELIANCE,2020-02-17,680.7207,688.5611,674.0004,675.8062,13149130
RELIANCE,2020-02-18,674.7318,674.7318,666.2742,670.8459,11127161
RELIANCE,2020-02-19,676.309,688.6982,674.3661,687.4868,14084409
RELIANCE,2020-02-20,684.3781,689.4069,678.3434,679.3264,16892268
RELIANCE,2020-02-24,671.9202,675.2347,658.1138,660.5825,21370214
RELIANCE,2020-02-25,663.5312,663.5312,644.6046,647.5305,27745062
RELIANCE,2020-02-26,644.6046,645.6789,634.2498,636.3755,29362748
RELIANCE,2020-02-27,634.5469,637.1985,625.8607,633.7469,25054993
RELIANCE,2020-02-28,619.4147,620.3748,605.7454,607.4141,39315769
RELIANCE,2020-03-02,619.5061,625.8607,594.8192,601.6995,29500495
RELIANCE,2020-03-03,607.8941,618.9575,604.3739,613.9058,27398798
RELIANCE,2020-03-04,618.0889,618.9118,597.9279,612.4658,22105261
RELIANCE,2020-03-05,618.1804,620.8091,597.0593,599.4137,30510390
RELIANCE,2020-03-06,580.6013,588.8989,567.3892,581.0584,33734039
RELIANCE,2020-03-09,566.9091,567.3434,500.5972,509.3519,88187018
RELIANCE,2020-03-11,506.5403,538.7477,506.5403,527.3643,59578576
RELIANCE,2020-03-12,496.0255,503.3401,479.4304,485.9678,55970485
RELIANCE,2020-03-13,456.252,521.1696,430.8336,505.306,73297403
RELIANCE,2020-03-16,484.8478,493.6025,459.4522,464.3439,38482258
RELIANCE,2020-03-17,478.7675,484.5963,458.6293,460.8237,45445979
RELIANCE,2020-03-18,468.7327,473.5786,439.3369,442.7656,44730415
RELIANCE,2020-03-19,420.6388,442.0799,407.8838,419.5416,61404010
RELIANCE,2020-03-20,429.5078,473.1215,425.1647,465.3725,63360475
RELIANCE,2020-03-23,418.8558,434.308,400.3177,404.1579,40670949
RELIANCE,2020-03-24,425.1647,443.4514,409.5296,431.2907,45734887
RELIANCE,2020-03-25,440.6169,526.4499,440.3655,494.7683,73130298
RELIANCE,2020-03-26,500.9629,510.6091,476.5273,487.4308,45744488
RELIANCE,2020-03-27,500.5972,506.2203,478.2874,487.1565,41657940
RELIANCE,2020-03-30,475.7273,491.3624,466.3097,471.0871,30229866
RELIANCE,2020-03-31,490.9738,516.5065,479.1104,509.169,44292810
RELIANCE,2020-04-01,513.0549,514.1293,477.8303,493.9454,41597459
RELIANCE,2020-04-03,518.6324,518.6324,482.9048,492.5739,41367807
RELIANCE,2020-04-07,503.843,554.9999,502.883,551.3884,54373624
RELIANCE,2020-04-08,539.4563,561.8575,530.313,545.0109,49880330
RELIANCE,2020-04-09,554.9999,563.5947,545.3995,557.7201,33032857
RELIANCE,2020-04-13,550.4055,555.4572,539.4563,543.6394,23673784
RELIANCE,2020-04-15,547.251,565.0576,522.5411,525.6727,35321842
RELIANCE,2020-04-16,525.6727,542.8622,523.4555,533.9932,37455706
RELIANCE,2020-04-17,555.9143,562.3146,545.2394,559.5716,33269335
RELIANCE,2020-04-20,560.486,574.6581,549.514,568.6235,36030932
RELIANCE,2020-04-21,553.1713,572.3723,532.1417,565.6748,61371628
RELIANCE,2020-04-22,603.4596,633.1297,594.3163,623.392,142683366
RELIANCE,2020-04-23,625.1064,633.564,618.6832,626.7294,65464502
RELIANCE,2020-04-24,617.2432,683.4409,615.8945,647.8047,134986308
RELIANCE,2020-04-27,655.5765,674.3204,650.5477,653.6336,58482901
RELIANCE,2020-04-28,662.8912,665.3828,636.4442,652.9022,78453401
RELIANCE,2020-04-29,660.5597,664.5599,649.1762,652.3535,37494672
RELIANCE,2020-04-30,664.697,683.4409,657.4281,670.2059,71345899
RELIANCE,2020-05-04,658.3196,669.7487,648.0104,656.1252,53456868
RELIANCE,2020-05-05,664.5828,676.149,661.6111,667.76,44903763
RELIANCE,2020-05-06,669.2916,678.8692,660.834,667.8058,40489094
RELIANCE,2020-05-07,665.1771,691.9899,660.6054,688.9268,50026966
RELIANCE,2020-05-08,706.322,722.2771,702.7104,714.0024,84262770
RELIANCE,2020-05-11,722.3228,738.3237,718.8027,720.8599,67085063
RELIANCE,2020-05-12,715.3739,716.9969,669.7487,676.2633,100683202
RELIANCE,2020-05-13,704.7103,704.7103,671.0208,690.6115,66430125
RELIANCE,2020-05-14,677.9432,690.7268,659.9678,662.6907,49266771
RELIANCE,2020-05-15,666.4058,676.8818,653.0684,673.5129,62152260
RELIANCE,2020-05-18,678.4048,683.9427,659.0218,664.9059,62796089
RELIANCE,2020-05-19,672.4053,674.5743,647.5997,650.2071,42315854
RELIANCE,2020-05-20,650.7148,667.7211,642.8693,661.6523,55320985
RELIANCE,2020-05-21,662.2523,674.4589,657.6373,665.1367,39167981
RELIANCE,2020-05-22,670.0055,672.8668,658.3295,660.6601,37828973
RELIANCE,2020-05-26,668.321,669.0363,653.6222,657.1989,33216635
RELIANCE,2020-05-27,660.4062,671.0208,651.6378,667.1211,35667956
RELIANCE,2020-05-28,671.4822,682.9044,668.7133,679.4431,40126278
RELIANCE,2020-05-29,677.4818,679.3278,670.3978,675.8204,40022527
SBIN,2020-02-03,303.0,306.85,295.35,298.1,56060158
SBIN,2020-02-04,302.9,307.55,297.1,306.25,51141567
SBIN,2020-02-05,306.9,313.65,304.6,311.0,35014841
SBIN,2020-02-06,311.2,323.5,310.1,321.95,57757656
SBIN,2020-02-07,321.5,325.0,318.4,320.55,37126803
SBIN,2020-02-10,319.8,322.8,316.5,318.5,24816396
SBIN,2020-02-11,321.05,325.8,321.05,324.35,30188757
SBIN,2020-02-12,329.9,329.9,319.25,320.2,38930849
SBIN,2020-02-13,322.0,330.95,322.0,327.45,62516057
SBIN,2020-02-14,328.1,331.9,318.55,319.4,48205947
SBIN,2020-02-17,320.95,321.15,311.65,314.2,36950692
SBIN,2020-02-18,315.4,319.2,309.4,317.55,38588583
SBIN,2020-02-19,322.3,324.0,317.25,320.35,39846727
SBIN,2020-02-20,319.35,329.2,318.75,327.65,40150409
SBIN,2020-02-24,325.75,331.3,321.85,322.95,45273936
SBIN,2020-02-25,325.9,328.15,322.2,326.8,39050709
SBIN,2020-02-26,324.85,330.8,324.2,328.2,43915281
SBIN,2020-02-27,328.0,330.0,318.0,321.95,47010040
SBIN,2020-02-28,312.0,314.65,301.1,303.0,59705346
SBIN,2020-03-02,311.0,312.0,284.05,287.4,66711413
SBIN,2020-03-03,293.0,294.4,285.3,289.85,61949382
SBIN,2020-03-04,291.8,293.0,275.1,285.3,73675736
SBIN,2020-03-05,290.9,298.4,270.0,288.5,149245973
SBIN,2020-03-06,268.0,274.4,253.95,270.5,106043172
SBIN,2020-03-09,260.05,262.75,251.15,253.45,101286241
SBIN,2020-03-11,253.0,258.5,243.1,245.1,90845604
SBIN,2020-03-12,231.9,231.9,208.6,212.6,99767083
SBIN,2020-03-13,200.0,248.8,184.65,242.0,155701316
SBIN,2020-03-16,227.9,231.4,220.6,223.35,75583409
SBIN,2020-03-17,227.2,229.9,212.05,215.15,65403057
SBIN,2020-03-18,221.0,223.15,200.1,215.2,101356399
SBIN,2020-03-19,202.95,219.75,198.15,203.65,93533467
SBIN,2020-03-20,205.55,215.7,200.0,209.85,77391650
SBIN,2020-03-23,190.0,199.5,180.25,181.6,61750037
SBIN,2020-03-24,190.95,191.95,173.55,183.2,67491360
SBIN,2020-03-25,178.0,195.25,176.45,189.9,71567553
SBIN,2020-03-26,191.55,201.0,185.1,192.75,107260359
SBIN,2020-03-27,202.0,211.9,195.0,195.95,114740377
SBIN,2020-03-30,190.0,195.0,186.25,186.9,60081554
SBIN,2020-03-31,192.0,198.5,188.05,196.85,59543412
SBIN,2020-04-01,194.0,194.5,185.25,186.55,52954239
SBIN,2020-04-03,187.55,188.2,175.0,175.5,64448494
SBIN,2020-04-07,184.4,187.3,177.6,186.4,72130500
SBIN,2020-04-08,182.9,194.4,180.45,183.0,80435759
SBIN,2020-04-09,188.0,190.0,183.6,187.75,62416005
SBIN,2020-04-13,186.8,188.7,183.1,183.5,51847146
SBIN,2020-04-15,187.0,191.95,180.15,182.35,72190004
SBIN,2020-04-16,182.0,189.9,180.25,188.5,61165773
SBIN,2020-04-17,196.0,198.0,186.3,193.25,89851063
SBIN,2020-04-20,194.0,197.35,190.05,192.5,81958510
SBIN,2020-04-21,188.0,188.2,183.0,184.75,53042420
SBIN,2020-04-22,185.5,189.5,181.35,188.7,61503413
SBIN,2020-04-23,187.75,189.9,185.15,186.7,50955312
SBIN,2020-04-24,184.0,184.0,179.0,179.75,65137305
SBIN,2020-04-27,183.5,183.5,180.5,180.9,42996571
SBIN,2020-04-28,182.0,185.35,181.2,184.3,49590230
SBIN,2020-04-29,185.0,191.8,183.5,190.1,57470466
SBIN,2020-04-30,193.5,195.9,189.7,190.5,63063889
SBIN,2020-05-04,182.45,183.5,178.0,178.85,58118177
SBIN,2020-05-05,181.0,181.25,168.8,170.4,91050439
SBIN,2020-05-06,171.15,173.3,166.55,171.1,73156432
SBIN,2020-05-07,170.85,172.55,168.8,170.75,42942399
SBIN,2020-05-08,172.45,173.8,166.1,166.65,55932236
SBIN,2020-05-11,167.95,168.9,165.0,165.45,54591827
SBIN,2020-05-12,164.2,168.5,160.85,166.9,70752542
SBIN,2020-05-13,178.55,178.55,170.5,174.1,81720683
SBIN,2020-05-14,170.95,171.75,167.5,167.95,48136531
SBIN,2020-05-15,167.95,168.25,164.7,166.4,35495540
SBIN,2020-05-18,166.4,166.4,155.0,155.3,77349435
SBIN,2020-05-19,157.5,157.85,152.4,152.8,71522334
SBIN,2020-05-20,153.0,155.25,151.15,153.4,66168767
SBIN,2020-05-21,153.65,156.15,151.5,151.95,61147471
SBIN,2020-05-22,152.0,155.6,149.45,150.85,87064198
SBIN,2020-05-26,152.4,153.2,150.2,151.4,48275988
SBIN,2020-05-27,151.95,160.8,150.8,158.6,88195120
SBIN,2020-05-28,159.45,162.4,156.7,158.2,76968678
SBIN,2020-05-29,156.1,161.9,155.2,161.3,58363280
TCS,2020-02-03,2152.0,2194.7,2093.2,2102.5,4728073
TCS,2020-02-04,2129.0,2136.7,2086.6001,2107.75,3509339
TCS,2020-02-05,2115.0,2156.7,2104.3,2146.55,2439322
TCS,2020-02-06,2145.0,2174.2,2115.5,2128.3501,2640065
TCS,2020-02-07,2139.0,2151.0,2119.0,2136.55,2083442
TCS,2020-02-10,2140.8999,2167.0,2119.0,2161.95,2383032
TCS,2020-02-11,2163.0,2174.8,2147.6001,2153.3999,1335820
TCS,2020-02-12,2151.1001,2185.0,2150.0,2170.75,1620407
TCS,2020-02-13,2172.95,2197.0,2171.0,2191.95,1645948
TCS,2020-02-14,2188.0,2212.0,2171.0,2184.2,1500115
TCS,2020-02-17,2196.95,2217.0,2190.2,2203.25,1774724
TCS,2020-02-18,2199.95,2221.0,2186.05,2215.75,2486223
TCS,2020-02-19,2215.75,2230.0,2190.5,2196.3501,1760463
TCS,2020-02-20,2204.5,2214.3999,2151.25,2156.8,2317278
TCS,2020-02-24,2156.0,2178.95,2106.7,2115.3501,3092877
TCS,2020-02-25,2115.5,2176.6499,2111.0,2156.1499,2674567
TCS,2020-02-26,2154.0,2163.8999,2112.95,2123.6001,2686842
TCS,2020-02-27,2119.95,2119.95,2086.2,2105.5,2349001
TCS,2020-02-28,2068.0,2069.5,1990.0,2000.15,4298076
TCS,2020-03-02,2035.0,2053.95,1985.7,2001.3,2667076
TCS,2020-03-03,2020.0,2060.0,2012.0,2036.2,2757585
TCS,2020-03-04,2056.0,2094.45,2025.0,2083.2,3237002
TCS,2020-03-05,2085.7,2147.75,2084.05,2125.05,3937056
TCS,2020-03-06,2098.0,2123.6499,2071.6001,2116.45,2595027
TCS,2020-03-09,2075.0,2079.8999,1935.0,1972.35,4940975
TCS,2020-03-11,1933.0,1987.3,1920.0,1953.7,6796449
TCS,2020-03-12,1904.0,1908.4,1758.35,1769.85,8728786
TCS,2020-03-13,1687.9,1820.0,1506.05,1806.3,8029720
TCS,2020-03-16,1755.0,1842.25,1675.85,1696.4,7844271
TCS,2020-03-17,1730.0,1731.0,1623.15,1658.0,5713248
TCS,2020-03-18,1676.8,1713.55,1627.75,1654.4,7258778
TCS,2020-03-19,1559.7,1685.45,1546.75,1636.35,5135111
TCS,2020-03-20,1630.0,1869.0,1627.0,1797.45,8547498
TCS,2020-03-23,1620.0,1750.0,1617.75,1669.7,7003490
TCS,2020-03-24,1653.05,1770.0,1632.85,1703.15,6350865
TCS,2020-03-25,1700.0,1810.0,1680.0,1750.3,2765520
TCS,2020-03-26,1831.6,1832.05,1722.55,1790.95,4556067
TCS,2020-03-27,1820.0,1850.0,1750.4,1824.5,4331250
TCS,2020-03-30,1766.0,1905.0,1763.55,1778.5,8513547
TCS,2020-03-31,1837.4,1855.0,1780.0,1826.1,3927593
TCS,2020-04-01,1825.9,1834.75,1702.0,1708.75,4941878
TCS,2020-04-03,1740.0,1740.0,1650.0,1654.2,5735369
TCS,2020-04-07,1710.0,1785.85,1705.0,1775.2,5427577
TCS,2020-04-08,1760.0,1806.0,1701.0,1705.45,6285615
TCS,2020-04-09,1750.45,1778.8,1731.2,1766.15,5307397
TCS,2020-04-13,1761.0,1787.0,1746.0,1759.25,2990438
TCS,2020-04-15,1785.0,1812.0,1727.8,1735.15,4761399
TCS,2020-04-16,1709.95,1764.9,1675.05,1716.05,6245533
TCS,2020-04-17,1800.0,1851.95,1753.0,1806.2,9895823
TCS,2020-04-20,1830.0,1830.0,1802.5,1818.65,3244282
TCS,2020-04-21,1765.0,1794.6,1727.7,1737.65,5122541
TCS,2020-04-22,1737.65,1790.0,1719.15,1769.5,3829836
TCS,2020-04-23,1780.0,1900.0,1760.85,1878.25,5934366
TCS,2020-04-24,1840.7,1851.95,1807.8,1818.55,2987102
TCS,2020-04-27,1832.3,1875.0,1825.0,1836.6,3374741
TCS,2020-04-28,1865.0,1868.0,1832.6,1859.05,2678505
TCS,2020-04-29,1874.0,1912.55,1850.05,1905.65,4241510
TCS,2020-04-30,1980.0,2032.0,1942.2,2014.45,5915544
TCS,2020-05-04,1966.0,1966.0,1913.65,1930.45,3729348
TCS,2020-05-05,1955.1,1977.0,1927.0,1932.75,2905528
TCS,2020-05-06,1939.8,1953.7,1893.6,1903.6,3517431
TCS,2020-05-07,1910.0,1934.45,1883.35,1891.65,3166754
TCS,2020-05-08,1939.1,1939.5,1886.25,1893.4,2686530
TCS,2020-05-11,1909.0,1951.4,1909.0,1935.3,2449841
TCS,2020-05-12,1933.4,1956.5,1910.25,1949.5,3256595
TCS,2020-05-13,1994.0,1994.0,1925.65,1949.65,2656665
TCS,2020-05-14,1910.0,1923.1,1891.1,1902.35,2263146
TCS,2020-05-15,1916.0,1917.4,1865.2,1892.9,3173682
TCS,2020-05-18,1907.0,1952.95,1872.1,1945.6,3727694
TCS,2020-05-19,1903.0,1966.45,1903.0,1948.65,3198693
TCS,2020-05-20,1950.0,1962.9,1931.7,1953.6,2778505
TCS,2020-05-21,1946.0,1998.0,1941.15,1991.2,3400908
TCS,2020-05-22,1977.1,2032.0,1961.25,2020.35,3663418
TCS,2020-05-26,2015.0,2024.0,1925.0,1943.0,4575317
TCS,2020-05-27,1959.0,2010.0,1941.25,2005.3,3482160
TCS,2020-05-28,1988.5,2014.0,1971.3,2004.3,3475681
TCS,2020-05-29,1982.0,2002.65,1962.4,1972.35,7237735
UNH,2020-02-03,275.13,276.85,270.82,274.02,5646800
UNH,2020-02-04,277.28,283.5,276.88,280.84,4290200
UNH,2020-02-05,285.6,297.0,285.44,295.73,5761000
UNH,2020-02-06,297.0,297.27,290.0,292.46,3044000
UNH,2020-02-07,292.87,293.39,288.91,289.22,3425900
UNH,2020-02-10,286.23,289.29,285.45,287.03,3147400
UNH,2020-02-11,286.85,291.57,285.9,290.79,2992200
UNH,2020-02-12,295.0,305.0,294.01,303.48,6701900
UNH,2020-02-13,300.14,305.9,300.14,302.2,3565500
UNH,2020-02-14,302.21,303.97,297.31,298.78,2485600
UNH,2020-02-18,299.67,303.35,299.0,302.14,3241700
UNH,2020-02-19,303.37,306.71,302.73,305.31,3021100
UNH,2020-02-20,303.2,304.16,297.89,302.13,2885500
UNH,2020-02-21,300.47,302.51,298.61,301.43,2987100
UNH,2020-02-24,286.89,288.99,277.64,277.79,8790600
UNH,2020-02-25,280.15,281.98,262.01,263.39,8171200
UNH,2020-02-26,264.72,269.83,258.71,263.0,6806600
UNH,2020-02-27,258.42,262.15,252.07,253.92,7604300
UNH,2020-02-28,246.2,257.1,245.3,254.96,9961000
UNH,2020-03-02,257.34,273.24,250.32,273.11,8866300
UNH,2020-03-03,275.35,280.35,259.23,261.4,9188100
UNH,2020-03-04,290.0,295.84,282.21,289.42,14533000
UNH,2020-03-05,281.6,289.42,279.94,282.96,5908400
UNH,2020-03-06,275.42,284.97,271.9,283.87,5361900
UNH,2020-03-09,264.46,281.44,259.24,273.44,8070700
UNH,2020-03-10,279.72,283.9,272.5,280.0,7366000
UNH,2020-03-11,274.76,285.24,273.26,277.78,7744600
UNH,2020-03-12,260.0,272.23,250.0,250.41,10496600
UNH,2020-03-13,260.99,273.22,242.27,272.04,9308400
UNH,2020-03-16,243.92,245.68,223.95,225.04,10303500
UNH,2020-03-17,230.82,248.76,228.29,244.22,9642200
UNH,2020-03-18,225.75,231.45,200.19,217.06,12917500
UNH,2020-03-19,216.98,226.12,208.94,219.8,8065200
UNH,2020-03-20,223.18,232.64,203.46,206.59,9364100
UNH,2020-03-23,202.04,205.75,187.72,194.86,10654500
UNH,2020-03-24,202.14,220.27,199.0,219.8,8894400
UNH,2020-03-25,219.09,247.51,216.0,234.49,10014000
UNH,2020-03-26,234.03,257.96,232.3,255.39,7517600
UNH,2020-03-27,242.94,251.6,238.24,242.45,4879500
UNH,2020-03-30,242.64,254.09,242.64,251.28,5329000
UNH,2020-03-31,243.48,254.53,243.0,249.38,5450000
UNH,2020-04-01,238.69,246.61,235.44,237.32,4548800
UNH,2020-04-02,235.3,242.0,226.03,240.44,4636800
UNH,2020-04-03,238.32,239.34,227.27,229.49,4650300
UNH,2020-04-06,240.0,249.29,235.12,248.34,6365900
UNH,2020-04-07,259.81,266.71,246.54,248.04,4984100
UNH,2020-04-08,247.69,269.16,246.26,267.83,6390200
UNH,2020-04-09,265.0,270.4,261.6,264.13,4923300
UNH,2020-04-13,262.06,264.96,258.18,263.51,2964900
UNH,2020-04-14,269.0,273.07,267.0,270.5,4778900
UNH,2020-04-15,276.33,282.99,270.68,281.68,7841800
UNH,2020-04-16,283.44,300.0,280.01,298.43,7738900
UNH,2020-04-17,300.99,304.0,287.1,290.56,5857500
UNH,2020-04-20,285.3,289.01,281.27,282.14,4072600
UNH,2020-04-21,274.95,280.0,273.25,274.19,3977500
UNH,2020-04-22,279.58,283.82,276.71,277.02,3663300
UNH,2020-04-23,279.06,288.46,278.54,285.33,4420500
UNH,2020-04-24,287.29,291.9,284.0,291.29,3265000
UNH,2020-04-27,293.21,296.86,290.63,293.98,3706200
UNH,2020-04-28,298.0,298.25,285.62,288.36,3862900
UNH,2020-04-29,292.0,292.75,286.1,287.65,4258400
UNH,2020-04-30,286.65,295.0,285.52,292.47,7631700
UNH,2020-05-01,288.39,289.0,279.6,284.51,3526100
UNH,2020-05-04,284.49,287.94,282.11,287.54,2894200
UNH,2020-05-05,289.96,296.0,287.29,293.04,2501300
UNH,2020-05-06,295.1,297.68,288.44,288.77,2579200
UNH,2020-05-07,291.06,292.29,284.52,285.0,3162300
UNH,2020-05-08,289.49,290.0,285.66,287.0,3200000
UNH,2020-05-11,285.56,290.1,285.26,288.69,3490700
UNH,2020-05-12,291.77,293.15,287.7,287.7,4214300
UNH,2020-05-13,284.49,286.4,275.56,278.0,5474100
UNH,2020-05-14,275.93,292.45,275.64,290.61,5704600
UNH,2020-05-15,292.41,300.0,290.72,290.96,12182800
UNH,2020-05-18,298.48,299.72,292.02,293.36,4015100
UNH,2020-05-19,290.74,294.63,288.88,289.05,3059400
UNH,2020-05-20,292.9,292.9,286.7,287.99,3200600
UNH,2020-05-21,286.04,290.13,284.93,286.91,3604900
UNH,2020-05-22,287.3,290.24,284.79,289.94,2922800
UNH,2020-05-26,296.5,297.03,292.5,294.89,4567800
UNH,2020-05-27,297.42,303.8,290.8,303.77,5618900
UNH,2020-05-28,305.95,309.66,303.29,303.97,4387700
UNH,2020-05-29,304.72,308.37,300.85,304.85,6251500
WIPRO,2020-02-03,118.85,120.075,117.625,118.7,8463660
WIPRO,2020-02-04,119.5,120.625,118.95,120.125,6329512
WIPRO,2020-02-05,120.8,121.5,118.65,121.125,7751206
WIPRO,2020-02-06,121.375,122.975,120.825,121.825,6112396
WIPRO,2020-02-07,123.5,123.5,121.475,121.975,5519024
WIPRO,2020-02-10,122.7,122.825,119.725,120.45,4517992
WIPRO,2020-02-11,120.275,121.45,119.9,120.625,5460620
WIPRO,2020-02-12,120.85,123.575,120.85,122.225,6838800
WIPRO,2020-02-13,122.9,122.9,121.25,121.875,4829910
WIPRO,2020-02-14,121.9,122.675,121.0,121.45,3619586
WIPRO,2020-02-17,121.45,122.5,120.975,121.9,2035556
WIPRO,2020-02-18,121.875,122.425,120.625,122.025,2505274
WIPRO,2020-02-19,122.25,124.175,122.25,123.8,3570768
WIPRO,2020-02-20,124.0,124.275,122.55,122.85,4241614
WIPRO,2020-02-24,122.5,123.9,121.2,122.1,7043950
WIPRO,2020-02-25,122.075,123.325,121.225,122.05,5059572
WIPRO,2020-02-26,121.525,121.725,119.2,119.95,7988388
WIPRO,2020-02-27,119.475,119.475,115.25,115.8,9733628
WIPRO,2020-02-28,114.25,114.75,109.85,110.725,11274618
WIPRO,2020-03-02,112.9,113.5,109.2,110.4,11532350
WIPRO,2020-03-03,112.0,112.9,110.3,111.85,10346226
WIPRO,2020-03-04,112.45,114.875,111.225,114.425,9036356
WIPRO,2020-03-05,114.525,116.95,114.325,114.85,5941556
WIPRO,2020-03-06,112.5,113.0,111.275,111.775,5868566
WIPRO,2020-03-09,110.1,110.5,106.5,107.2,17462228
WIPRO,2020-03-11,101.85,107.2,101.85,106.55,12270332
WIPRO,2020-03-12,102.0,103.475,98.75,99.55,10764010
WIPRO,2020-03-13,99.5,102.225,84.625,98.7,13043196
WIPRO,2020-03-16,96.975,96.975,89.275,89.875,11201148
WIPRO,2020-03-17,89.275,92.775,85.375,86.55,12175374
WIPRO,2020-03-18,88.35,89.25,84.25,84.975,12733198
WIPRO,2020-03-19,82.5,85.675,79.7,81.175,11980172
WIPRO,2020-03-20,81.55,92.9,81.25,89.6,20319490
WIPRO,2020-03-23,82.5,88.5,82.5,85.075,10720786
WIPRO,2020-03-24,84.25,90.875,84.025,88.175,12061562
WIPRO,2020-03-25,88.7,94.0,85.1,87.325,13456292
WIPRO,2020-03-26,88.475,93.4,86.25,91.3,10247690
WIPRO,2020-03-27,91.575,94.75,90.75,91.75,13535120
WIPRO,2020-03-30,90.55,93.7,89.675,92.075,7334804
WIPRO,2020-03-31,93.5,99.9,92.825,98.35,10615252
WIPRO,2020-04-01,97.85,97.85,93.5,94.75,9875668
WIPRO,2020-04-03,94.0,94.8,88.875,90.0,13147474
WIPRO,2020-04-07,94.125,96.35,91.525,95.95,9562862
WIPRO,2020-04-08,95.75,100.0,94.4,96.45,10275308
WIPRO,2020-04-09,99.2,101.475,97.525,98.35,6930346
WIPRO,2020-04-13,99.0,99.0,91.45,94.6,12384376
WIPRO,2020-04-15,95.025,96.8,92.9,93.275,22652006
WIPRO,2020-04-16,90.0,94.875,90.0,93.925,43380846
WIPRO,2020-04-17,96.25,96.875,92.775,93.5,13212894
WIPRO,2020-04-20,94.5,94.5,90.075,90.55,16203026
WIPRO,2020-04-21,89.5,89.95,86.9,89.025,18086618
WIPRO,2020-04-22,88.5,89.75,87.525,89.275,10621898
WIPRO,2020-04-23,89.7,91.3,88.55,90.45,11104460
WIPRO,2020-04-24,89.975,90.4,88.575,88.875,9282278
WIPRO,2020-04-27,90.0,91.45,87.75,91.025,18283250
WIPRO,2020-04-28,91.05,91.475,89.0,89.85,13329834
WIPRO,2020-04-29,90.05,91.225,89.7,90.325,10060582
WIPRO,2020-04-30,92.5,96.3,91.775,95.475,17667854
WIPRO,2020-05-04,92.25,95.65,91.525,95.025,17140740
WIPRO,2020-05-05,95.725,97.0,91.1,92.1,13864778
WIPRO,2020-05-06,92.85,94.0,90.5,93.525,10885580
WIPRO,2020-05-07,92.0,92.7,90.6,92.05,11402138
WIPRO,2020-05-08,92.6,93.0,91.275,92.0,8227344
WIPRO,2020-05-11,92.5,94.975,92.05,92.35,8787666
WIPRO,2020-05-12,92.1,94.0,91.3,93.525,7030818
WIPRO,2020-05-13,95.75,95.75,92.575,94.85,10560968
WIPRO,2020-05-14,92.375,93.675,91.55,93.0,10324394
WIPRO,2020-05-15,93.0,93.0,91.325,91.9,6849030
WIPRO,2020-05-18,91.025,92.5,89.8,91.1,14454486
WIPRO,2020-05-19,91.125,93.0,89.0,92.2,11486668
WIPRO,2020-05-20,92.5,92.95,91.1,92.475,15415706
WIPRO,2020-05-21,91.7,95.85,91.7,94.55,14258230
WIPRO,2020-05-22,94.525,95.425,93.225,94.5,9177652
WIPRO,2020-05-26,94.5,96.6,92.85,94.4,11822268
WIPRO,2020-05-27,94.8,102.75,93.85,100.625,36165936
WIPRO,2020-05-28,101.75,101.75,98.025,99.675,24695246
WIPRO,2020-05-29,99.675,107.45,98.075,106.4,61260422
XOM,2020-02-03,61.38,61.42,60.37,60.73,27389300
XOM,2020-02-04,61.45,61.91,59.89,59.97,31922100
XOM,2020-02-05,60.75,62.93,60.6,62.73,32099200
XOM,2020-02-06,62.93,63.01,61.78,61.88,16055400
XOM,2020-02-07,61.41,61.66,61.06,61.47,15112500
XOM,2020-02-10,60.48,60.52,59.62,59.96,20934500
XOM,2020-02-11,60.58,60.89,60.17,60.53,14908700
XOM,2020-02-12,61.34,61.53,60.56,61.27,17862100
XOM,2020-02-13,61.06,61.42,60.56,60.93,16949400
XOM,2020-02-14,61.15,61.16,60.28,60.65,10855300
XOM,2020-02-18,60.15,60.39,59.45,59.88,18948500
XOM,2020-02-19,60.11,60.62,59.83,60.34,12804900
XOM,2020-02-20,60.23,60.54,59.72,59.86,14817200
XOM,2020-02-21,59.51,59.51,58.79,59.13,20315700
XOM,2020-02-24,57.62,57.8,56.36,56.36,32096600
XOM,2020-02-25,56.75,56.75,53.97,54.2,36414500
XOM,2020-02-26,54.55,54.82,52.93,53.01,29801000
XOM,2020-02-27,51.71,52.44,49.8,49.82,48141300
XOM,2020-02-28,48.77,51.44,48.01,51.44,62446700
XOM,2020-03-02,52.59,53.89,51.13,53.88,38127600
XOM,2020-03-03,53.95,54.15,50.98,51.3,50580700
XOM,2020-03-04,52.23,52.48,51.12,52.42,24079600
XOM,2020-03-05,50.42,50.7,49.04,50.11,40788200
XOM,2020-03-06,48.84,49.01,47.2,47.69,55640500
XOM,2020-03-09,41.71,44.57,40.8,41.86,72896300
XOM,2020-03-10,46.17,46.26,41.45,43.41,60445900
XOM,2020-03-11,42.39,43.48,41.75,41.98,51986100
XOM,2020-03-12,39.9,40.65,37.0,37.18,65725300
XOM,2020-03-13,40.01,40.14,35.0,38.12,79891500
XOM,2020-03-16,34.4,37.88,33.25,34.49,48924700
XOM,2020-03-17,35.21,37.38,34.2,36.81,41204400
XOM,2020-03-18,34.55,36.71,31.23,33.12,54036400
XOM,2020-03-19,33.73,34.9,32.35,34.43,49412400
XOM,2020-03-20,34.84,35.18,31.56,32.74,76534600
XOM,2020-03-23,32.53,32.7,30.11,31.45,56952500
XOM,2020-03-24,34.42,36.17,33.33,35.44,61835600
XOM,2020-03-25,36.51,38.59,35.18,37.29,56607700
XOM,2020-03-26,37.5,39.56,36.72,38.82,46722000
XOM,2020-03-27,37.13,37.68,36.2,36.95,51558600
XOM,2020-03-30,36.23,38.15,35.86,37.5,45835000
XOM,2020-03-31,38.34,39.45,37.37,37.97,41491600
XOM,2020-04-01,36.86,38.7,36.34,37.53,36045900
XOM,2020-04-02,38.74,41.96,37.9,40.4,62000200
XOM,2020-04-03,41.45,42.18,38.52,39.21,48425700
XOM,2020-04-06,39.88,40.83,39.23,40.47,41301900
XOM,2020-04-07,42.9,43.32,41.16,41.24,48921800
XOM,2020-04-08,41.95,44.04,41.47,43.85,33355600
XOM,2020-04-09,45.46,46.71,41.74,43.13,60107300
XOM,2020-04-13,44.45,44.69,41.97,42.76,29651900
XOM,2020-04-14,43.0,43.75,41.91,42.43,30769000
XOM,2020-04-15,41.0,41.06,39.38,40.48,33125000
XOM,2020-04-16,40.48,40.48,38.93,39.15,30934000
XOM,2020-04-17,39.88,43.32,39.87,43.22,40829100
XOM,2020-04-20,40.75,42.74,40.54,41.18,39260800
XOM,2020-04-21,40.4,42.13,39.63,40.96,44381600
XOM,2020-04-22,42.6,42.93,41.86,42.13,27074200
XOM,2020-04-23,43.13,44.66,42.81,43.45,35271000
XOM,2020-04-24,44.4,44.89,43.13,43.73,28653800
XOM,2020-04-27,43.59,44.32,42.23,43.94,28274400
XOM,2020-04-28,44.37,45.39,44.11,44.97,26545100
XOM,2020-04-29,46.26,47.6,46.16,47.46,29502500
XOM,2020-04-30,47.68,47.68,45.77,46.47,37076300
XOM,2020-05-01,45.63,46.39,43.0,43.14,35399300
XOM,2020-05-04,42.51,44.94,42.22,44.88,27465600
XOM,2020-05-05,46.26,47.15,44.66,44.83,29276200
XOM,2020-05-06,44.93,45.27,43.9,43.99,22659000
XOM,2020-05-07,44.96,45.27,43.97,44.24,22160300
XOM,2020-05-08,45.31,46.22,44.98,46.18,19977400
XOM,2020-05-11,46.11,46.2,45.51,45.74,22258000
XOM,2020-05-12,45.42,45.67,44.12,44.12,25439100
XOM,2020-05-13,43.74,43.87,41.6,41.93,30827900
XOM,2020-05-14,41.07,42.55,40.2,42.3,24856500
XOM,2020-05-15,42.38,43.01,41.85,42.0,22445600
XOM,2020-05-18,44.4,45.58,44.06,45.34,32026100
XOM,2020-05-19,45.55,46.63,43.93,43.94,21771600
XOM,2020-05-20,44.62,45.58,44.57,45.37,19352400
XOM,2020-05-21,45.44,45.79,44.39,44.56,19130700
XOM,2020-05-22,44.05,44.67,43.45,44.6,15406400
XOM,2020-05-26,45.74,46.3,45.47,45.91,20356500
XOM,2020-05-27,46.66,47.14,45.41,46.24,20788300
XOM,2020-05-28,46.43,46.46,44.93,45.04,19698000
XOM,2020-05-29,44.82,45.69,44.37,45.47,25874700
